#include "MyApplication.h"

const unsigned char image_data[] = {
    0xAA, 0xAA, 0xB5, 0xB6, 0xDB, 0x6D, 0xDD, 0xDD, 0xEF, 0xBF, 0xBF, 0x7D, 0xEE, 0xEE, 0xEE, 0xDB,
    0x6D, 0xB6, 0xDB, 0x6D, 0xB6, 0xDB, 0x6D, 0xBB, 0xBB, 0xBB, 0xBB, 0xBB, 0xBB, 0xBB, 0x5B, 0x6D,
    0xD6, 0xDB, 0x6D, 0xB6, 0xB6, 0xB7, 0x5A, 0xEA, 0xEA, 0xD7, 0x5B, 0x5B, 0x5B, 0x6D, 0xB6, 0xDB,
    0x6D, 0xB6, 0xDB, 0x6D, 0xB6, 0xD6, 0xD6, 0xEE, 0xEE, 0xD6, 0xD6, 0xD6, 0xAA, 0xB6, 0x5A, 0xAA,
    0xB6, 0xDB, 0xDB, 0xDA, 0xF7, 0x5D, 0xBD, 0xFA, 0xF7, 0xED, 0xED, 0xB6, 0xDB, 0x6D, 0xB6, 0xDB,
    0x6D, 0xB6, 0xDB, 0x7B, 0x7D, 0xB5, 0xB5, 0xBD, 0xBB, 0x7B, 0xAD, 0x55, 0xAB, 0x6D, 0xDB, 0x6D,
    0x6D, 0x77, 0xAD, 0xF7, 0x6B, 0x57, 0xAD, 0x5B, 0x5B, 0x6D, 0xB6, 0xDB, 0x5B, 0x6D, 0xB6, 0xDB,
    0x6D, 0xAD, 0xAB, 0x6E, 0xDE, 0xEB, 0x6D, 0xAD, 0x6A, 0xD5, 0x6D, 0xB6, 0xAD, 0xB6, 0xDB, 0xAD,
    0x7B, 0x5B, 0xBF, 0xED, 0xFB, 0x76, 0xED, 0xB6, 0xDB, 0x6D, 0xED, 0xB6, 0xDB, 0x6D, 0xB6, 0xF6,
    0xFE, 0xDB, 0xB5, 0xBD, 0xDE, 0xEE, 0xAB, 0x5B, 0x56, 0xAB, 0x75, 0x5B, 0x6E, 0xFB, 0xDE, 0xED,
    0xD5, 0x5E, 0xAD, 0xDB, 0x5B, 0x6D, 0xB6, 0xDB, 0x56, 0xDB, 0x6D, 0xB6, 0xDB, 0xAF, 0xAB, 0xBD,
    0xDF, 0x6B, 0x75, 0xB5, 0x55, 0x6D, 0xBA, 0xDD, 0xAE, 0xED, 0xB5, 0xAE, 0xB5, 0xBE, 0xFE, 0xF7,
    0x77, 0x6E, 0xED, 0xB6, 0xDB, 0x6D, 0xBB, 0x6D, 0xB6, 0xDB, 0x6E, 0xDA, 0xF6, 0xEB, 0x75, 0xDE,
    0xDB, 0x6F, 0xB6, 0xAA, 0xD5, 0x6A, 0xD5, 0xB6, 0xEE, 0xF7, 0xDF, 0xEB, 0x55, 0xBA, 0xDD, 0xB5,
    0xB6, 0xDB, 0x6D, 0xB6, 0xD6, 0xB6, 0xDB, 0x6D, 0xBB, 0x77, 0x5D, 0xBE, 0xDE, 0xEB, 0xB7, 0xBA,
    0xAA, 0xD5, 0x57, 0xB6, 0xBB, 0x5B, 0xBB, 0xAD, 0x75, 0x5E, 0xFF, 0xD7, 0xEB, 0x7E, 0xDB, 0x6D,
    0xB6, 0xDB, 0x7B, 0xDB, 0x6D, 0xB6, 0xD6, 0xDD, 0xEF, 0x6B, 0xB5, 0xBD, 0xDD, 0x6D, 0x5B, 0x5B,
    0x6A, 0xAB, 0x6D, 0xEE, 0xD6, 0xDB, 0xBF, 0xF7, 0xAA, 0xBD, 0x5E, 0xD5, 0xBD, 0xDE, 0xDB, 0x6D,
    0xAD, 0x6D, 0xB6, 0xDB, 0x7B, 0xB6, 0xB5, 0xDD, 0xEF, 0x6E, 0xB7, 0xB7, 0xAA, 0xAD, 0xBA, 0xDD,
    0xB6, 0xB5, 0x7D, 0xBD, 0xD5, 0x5A, 0xFF, 0xEF, 0xF7, 0xBB, 0xD6, 0xB5, 0xB6, 0xDB, 0x6B, 0x56,
    0xDB, 0x6D, 0xD6, 0xEF, 0xDE, 0xF6, 0xBB, 0xB5, 0xED, 0x7A, 0xB5, 0x6A, 0xAD, 0x6A, 0xDB, 0x6F,
    0xAB, 0xEE, 0xFB, 0xEF, 0xAA, 0xB5, 0x5A, 0xEE, 0xBB, 0xDB, 0x6D, 0xB6, 0xDD, 0xFB, 0x6D, 0xB7,
    0x7B, 0x7A, 0xB7, 0x5F, 0xDD, 0xDF, 0x7B, 0xD7, 0xAD, 0xAD, 0x57, 0xB7, 0x6D, 0xB5, 0xFE, 0xB7,
    0x56, 0xBA, 0xFF, 0xDF, 0xEF, 0x5B, 0x6D, 0x6D, 0xBB, 0x6D, 0xB6, 0xAD, 0xB6, 0xDA, 0xAF, 0xAF,
    0xFB, 0xEA, 0xEE, 0xF5, 0xAE, 0xBD, 0x55, 0x56, 0xEA, 0xAD, 0xB6, 0xDE, 0xAB, 0x6D, 0xFF, 0xDF,
    0x55, 0x75, 0x5B, 0xED, 0xDB, 0xB6, 0xD6, 0xDB, 0x6B, 0x6A, 0xDB, 0x6F, 0xF5, 0x75, 0x5D, 0x7F,
    0x75, 0xAE, 0xF5, 0xEB, 0xB6, 0xEB, 0x5A, 0xDA, 0xDB, 0x6B, 0x76, 0xFB, 0x55, 0x75, 0xFF, 0xBF,
    0xF6, 0xBB, 0x6D, 0x6D, 0xFB, 0xB6, 0xDD, 0xBF, 0x6D, 0xB5, 0x5F, 0xDF, 0xEB, 0xAB, 0xBF, 0x7B,
    0xBF, 0x5E, 0xAA, 0xAD, 0x6D, 0x6D, 0x6D, 0xBD, 0xDD, 0xAE, 0xFF, 0xDF, 0x55, 0x6A, 0xBD, 0xDD,
    0xB7, 0xB7, 0x56, 0xDD, 0xB6, 0xD5, 0xB6, 0xDE, 0xEA, 0xB5, 0x5E, 0xFD, 0x6B, 0xDE, 0xD5, 0xF5,
    0xB5, 0x55, 0xAB, 0xB7, 0xB6, 0xEB, 0x6B, 0xF7, 0xAA, 0xB5, 0xFF, 0xFF, 0xD7, 0x6B, 0xDD, 0x6D,
    0xBB, 0x6B, 0x6D, 0xB6, 0xDB, 0x6B, 0x5F, 0xEF, 0xF7, 0xAF, 0xDD, 0x6B, 0xBE, 0xAF, 0x56, 0xEE,
    0xB6, 0xDA, 0xDB, 0x5D, 0xBE, 0xAD, 0xFF, 0xFF, 0x55, 0x55, 0x7A, 0xFE, 0xB6, 0xDA, 0xD6, 0xDD,
    0xDB, 0x6D, 0x6D, 0xBD, 0xF5, 0x5A, 0xBA, 0xF5, 0x77, 0xBD, 0xEB, 0xFA, 0xAB, 0x55, 0x5A, 0xAD,
    0x6D, 0xEE, 0xEB, 0xFB, 0x55, 0x55, 0xFF, 0xFF, 0xAF, 0xAB, 0xDB, 0xB7, 0x6D, 0xB6, 0xB6, 0xDB,
    0xB6, 0xD6, 0xAE, 0xFF, 0xDF, 0xBF, 0xDD, 0xEE, 0xBD, 0x5F, 0xB5, 0x6B, 0xED, 0xD7, 0xB6, 0xB5,
    0xBD, 0x5E, 0xFF, 0xFF, 0x55, 0x55, 0x7A, 0xDD, 0x76, 0xED, 0xB6, 0xDB, 0xDB, 0x6D, 0x6D, 0xFB,
    0xFB, 0xAA, 0xEA, 0xD5, 0x77, 0x77, 0xEF, 0xEA, 0xAD, 0xB5, 0x2B, 0x7A, 0xDB, 0xDF, 0x6F, 0xEB,
    0xAA, 0xAB, 0xFF, 0xFF, 0xDF, 0x77, 0xAD, 0xB6, 0xDB, 0x6D, 0x6D, 0xB7, 0xB7, 0x56, 0xAE, 0xFF,
    0x7F, 0xFF, 0xDD, 0xBA, 0xB5, 0x7F, 0xB6, 0xAE, 0xDD, 0x56, 0xB6, 0xB5, 0xDA, 0xBD, 0xFF, 0xFD,
    0x55, 0x55, 0x6A, 0xDA, 0xFB, 0x5B, 0x6D, 0xB7, 0x76, 0xDA, 0xDA, 0xDD, 0xF7, 0x55, 0xAA, 0xAA,
    0xF7, 0xDF, 0xFF, 0xAA, 0x55, 0x55, 0x6B, 0xBB, 0xDD, 0xDE, 0xF7, 0xD7, 0x55, 0x57, 0xFF, 0xFF,
    0xBF, 0xEF, 0x56, 0xEE, 0xDE, 0xDA, 0xDB, 0xBD, 0xB7, 0x6F, 0x5B, 0xFF, 0xFF, 0xFF, 0x5D, 0x75,
    0x55, 0xFF, 0xAB, 0x76, 0xB5, 0x6D, 0x6B, 0x75, 0xAD, 0x7D, 0xFF, 0xFD, 0x55, 0x55, 0xEA, 0xBA,
    0xFB, 0xBB, 0x75, 0xBD, 0xAD, 0x6B, 0x6D, 0xB5, 0xED, 0x55, 0x55, 0x55, 0xF7, 0xDF, 0xFE, 0xAA,
    0xB5, 0xAB, 0xDE, 0xD6, 0xBD, 0xAF, 0x7F, 0xAE, 0xAA, 0xAF, 0xFF, 0xFE, 0xBF, 0xDF, 0x56, 0xD5,
    0xAE, 0xEB, 0x77, 0xB6, 0xDB, 0x7E, 0xBF, 0xFF, 0xFF, 0xFF, 0x6D, 0x75, 0x57, 0xFF, 0xAD, 0x5A,
    0x6B, 0x7B, 0xD7, 0x7B, 0xD5, 0xF7, 0xFF, 0xFA, 0xB5, 0x57, 0xD5, 0x6A, 0xFB, 0x7E, 0xF5, 0xAD,
    0xDA, 0xDB, 0x77, 0xD5, 0xD5, 0x55, 0x55, 0x57, 0xBF, 0xDF, 0xFA, 0xAA, 0xB6, 0xD7, 0xAA, 0xAD,
    0x7B, 0xDD, 0x7E, 0xBA, 0xAA, 0xAF, 0xEF, 0xFA, 0xFF, 0xBD, 0xAD, 0xAB, 0x5B, 0x76, 0xB7, 0x6D,
    0xDD, 0x7B, 0x7F, 0xFF, 0xFF, 0xFD, 0xEB, 0x75, 0x5F, 0xFF, 0x55, 0x6A, 0xBD, 0xD7, 0xAD, 0x6B,
    0xD7, 0xDF, 0xFF, 0xFA, 0xBA, 0xAF, 0x55, 0x6B, 0xDB, 0x75, 0xDD, 0xAF, 0xDA, 0xDB, 0x6B, 0xAF,
    0xD5, 0x55, 0x5A, 0xD6, 0xBE, 0xFF, 0xF5, 0x55, 0xB6, 0xBA, 0xD6, 0xBA, 0xF7, 0xBE, 0xFA, 0xF5,
    0xAA, 0xAF, 0xEF, 0xFB, 0xFF, 0xDE, 0xB6, 0xDE, 0xAB, 0x74, 0xAD, 0x6D, 0xB6, 0xF5, 0x7F, 0xFF,
    0xEF, 0x7D, 0xEB, 0xAA, 0xBF, 0xFF, 0xAB, 0x57, 0x6B, 0xDD, 0xAD, 0xEB, 0x5F, 0x5E, 0xFF, 0xFA,
    0xBA, 0xAE, 0xA4, 0xB2, 0xDB, 0x52, 0xA0, 0xAB, 0x00, 0x05, 0x55, 0x16, 0xA4, 0x92, 0x55, 0x45,
    0x55, 0x57, 0x52, 0x49, 0x55, 0xAA, 0xB6, 0xB6, 0xFB, 0x5F, 0xEB, 0xF5, 0x95, 0x56, 0xCB, 0xDB,
    0xBB, 0xAF, 0x6D, 0x6D, 0xB9, 0xB5, 0x12, 0x40, 0x0A, 0xEB, 0xBB, 0x6D, 0xB5, 0xBB, 0x5D, 0xBA,
    0xED, 0xB6, 0x36, 0xDD, 0xDB, 0x6B, 0xAE, 0xF5, 0x7D, 0x5B, 0x76, 0xDB, 0x76, 0xBE, 0xD5, 0x52,
    0xB5, 0xB6, 0xC8, 0x00, 0x00, 0x15, 0xB2, 0xA5, 0x6D, 0xB6, 0xDA, 0xD5, 0x6A, 0xD7, 0x5B, 0x6D,
    0x9A, 0xAA, 0xAD, 0xBE, 0xF7, 0xBF, 0xD7, 0xED, 0xDB, 0x21, 0x5B, 0x6B, 0xAA, 0xAD, 0xDE, 0xD1,
    0x22, 0x56, 0xA4, 0x89, 0x55, 0x5E, 0xD6, 0xDB, 0x6E, 0xAD, 0xB7, 0x6A, 0xED, 0xB7, 0x55, 0x77,
    0x76, 0xD5, 0xAD, 0xEB, 0x7E, 0xEB, 0x6D, 0x08, 0x2D, 0xBD, 0xAD, 0xB6, 0xA1, 0x0A, 0x58, 0x2A,
    0x00, 0x45, 0x6A, 0xA5, 0xBB, 0x6D, 0xAB, 0x76, 0xDA, 0xBD, 0xB6, 0xDA, 0x2B, 0xAA, 0xDB, 0x7F,
    0x7E, 0xBF, 0xDB, 0xB6, 0xB0, 0xA4, 0x8B, 0x56, 0xD6, 0xD2, 0x9A, 0xD5, 0x56, 0x95, 0x12, 0xAA,
    0xAD, 0xD6, 0xED, 0xB6, 0xDA, 0xD5, 0x56, 0xD6, 0xDB, 0xBF, 0xAD, 0x5D, 0xAD, 0xD5, 0xD7, 0xED,
    0x7E, 0xED, 0xD5, 0x02, 0x0D, 0xEF, 0x7B, 0x6D, 0x6A, 0xB5, 0xAA, 0x1A, 0x40, 0xB5, 0x95, 0x6B,
    0x5B, 0x6D, 0x6D, 0xB7, 0x75, 0xBB, 0x6E, 0xEA, 0x35, 0x6B, 0x77, 0x7E, 0xFD, 0xBF, 0xD7, 0xB7,
    0x43, 0x50, 0x42, 0xBB, 0xAA, 0xB6, 0xB6, 0x9A, 0x15, 0x06, 0x09, 0x56, 0xA9, 0x5D, 0xEE, 0xDB,
    0xB6, 0xDA, 0xDE, 0xD6, 0xDB, 0x5B, 0x96, 0xB6, 0xDA, 0xD7, 0x57, 0xEB, 0x7D, 0xED, 0xA8, 0x02,
    0x13, 0xAD, 0xAD, 0xDB, 0xD5, 0xD3, 0x4A, 0xA2, 0x82, 0xAA, 0x92, 0xB6, 0xBB, 0xB6, 0xDB, 0x6D,
    0xAB, 0x7B, 0x76, 0xEE, 0x5B, 0x5B, 0x6F, 0x7B, 0xFD, 0x7F, 0xEF, 0x6A, 0x82, 0x48, 0x82, 0xDE,
    0xB6, 0xAC, 0x5A, 0xA4, 0x15, 0x8A, 0x29, 0x75, 0x88, 0x97, 0xDD, 0xDD, 0x6D, 0xB6, 0xF5, 0xAD,
    0xDB, 0xBB, 0x2A, 0xED, 0xB5, 0xDD, 0x6F, 0xDA, 0xFB, 0xEF, 0x20, 0x00, 0x29, 0x6B, 0x9B, 0x77,
    0x2C, 0x57, 0xB6, 0xC0, 0x03, 0xAD, 0x45, 0x2A, 0xB6, 0xB7, 0xB6, 0xDB, 0x5E, 0xEE, 0xB6, 0xDD,
    0xAB, 0x56, 0xDE, 0xEF, 0xFB, 0x7F, 0xBE, 0xB5, 0x0A, 0x92, 0x00, 0xBD, 0xAD, 0xAA, 0xF6, 0x29,
    0x1A, 0xB1, 0x40, 0x40, 0x10, 0x4F, 0xED, 0xEA, 0xDB, 0x6D, 0xAB, 0x5B, 0xDD, 0xEB, 0x2D, 0x7B,
    0x77, 0x75, 0xAF, 0xF7, 0xEF, 0xEE, 0x48, 0x00, 0x96, 0xD7, 0xAA, 0xF6, 0xAB, 0xB5, 0x44, 0x04,
    0x14, 0x15, 0x45, 0x1A, 0xB7, 0x5E, 0xB5, 0xB6, 0xF6, 0xED, 0x77, 0x5D, 0xB5, 0xAD, 0xAD, 0xBF,
    0x7D, 0xDD, 0x7B, 0x75, 0x02, 0x54, 0x00, 0xBD, 0x5F, 0x5B, 0x74, 0x80, 0x11, 0x50, 0x41, 0x50,
    0x12, 0x4B, 0xDD, 0xEB, 0xDE, 0xDB, 0x5B, 0xB7, 0xAD, 0xEE, 0x16, 0xD6, 0xFB, 0xEB, 0xF7, 0xFF,
    0xEF, 0xEC, 0x28, 0x00, 0x92, 0x57, 0xB5, 0xAD, 0x04, 0x29, 0x4A, 0xAD, 0x04, 0x2A, 0x88, 0x16,
    0xB6, 0xBD, 0x6B, 0x6D, 0xB6, 0xDD, 0x7B, 0x5B, 0xB5, 0x7B, 0x5E, 0xBE, 0xDF, 0x6F, 0x7D, 0xB4,
    0x81, 0x42, 0x00, 0x6D, 0xD4, 0x40, 0x53, 0x00, 0x35, 0x54, 0x12, 0xA8, 0x22, 0x8B, 0xDB, 0xD6,
    0xDD, 0xB6, 0xED, 0xB7, 0xD6, 0xF6, 0x57, 0xAD, 0xEB, 0xEF, 0xFD, 0xFB, 0xEF, 0xE8, 0x12, 0x90,
    0x25, 0x3E, 0x8A, 0xAA, 0x9A, 0x95, 0x16, 0xED, 0x0A, 0x22, 0x40, 0x52, 0xA6, 0xBB, 0x6B, 0x6D,
    0xBE, 0xFA, 0xBF, 0xAF, 0x2D, 0x77, 0x7E, 0xBB, 0x6F, 0xDF, 0x7D, 0xBD, 0x05, 0x6A, 0x20, 0x57,
    0xA0, 0x15, 0x4A, 0x08, 0x2B, 0x34, 0x44, 0x90, 0x15, 0x0B, 0x97, 0xD6, 0xFD, 0xF7, 0xD7, 0xAF,
    0xEA, 0xFA, 0xB5, 0xAD, 0xAB, 0xFF, 0xFF, 0x7D, 0xF7, 0xEA, 0x52, 0xDD, 0x24, 0x6D, 0x8A, 0x85,
    0x6D, 0xA0, 0x9A, 0xD6, 0x10, 0x25, 0x40, 0x45, 0x25, 0x7B, 0xAB, 0x5D, 0x7A, 0xF5, 0x5F, 0x57,
    0x56, 0xF6, 0xFE, 0xDB, 0x77, 0xFF, 0xDF, 0x6F, 0x83, 0x69, 0x21, 0x3B, 0x41, 0x2A, 0xAA, 0x0A,
    0x17, 0x6A, 0x42, 0x90, 0x04, 0x22, 0x4B, 0xAE, 0xDD, 0xEF, 0xAF, 0x5F, 0xF5, 0xFD, 0x5B, 0x5B,
    0xAB, 0xFF, 0xDE, 0xF7, 0xFD, 0xF5, 0x54, 0xB4, 0x84, 0x5E, 0x94, 0x45, 0x57, 0x48, 0x49, 0x10,
    0x10, 0x41, 0x21, 0x11, 0x26, 0xF7, 0x77, 0x5A, 0xFB, 0xF5, 0x5F, 0x57, 0x55, 0xEE, 0xFF, 0x6D,
    0xFF, 0xFE, 0xF7, 0xDB, 0x92, 0xDE, 0x00, 0xD7, 0x81, 0x16, 0xD9, 0x22, 0x24, 0xAA, 0x8B, 0x24,
    0x08, 0x88, 0x97, 0x5B, 0xBA, 0xEF, 0x5D, 0x5F, 0xF5, 0xFA, 0x5E, 0xBB, 0xB7, 0xFF, 0xBB, 0xDF,
    0xDF, 0x6D, 0x59, 0x60, 0x24, 0x6D, 0xA4, 0x41, 0x04, 0x95, 0x2A, 0xA8, 0x2A, 0x80, 0xA4, 0x45,
    0x4D, 0xFD, 0xD7, 0xBB, 0xEF, 0xEA, 0xBF, 0x5F, 0xAB, 0x6E, 0xFD, 0xB6, 0xFF, 0xFB, 0xFF, 0xF7,
    0xD6, 0x96, 0x80, 0xBB, 0x80, 0x14, 0x75, 0x6B, 0x2A, 0xAA, 0x8A, 0xA4, 0x02, 0x11, 0x2B, 0x56,
    0xFD, 0xDD, 0x75, 0x7F, 0xD5, 0xF5, 0x55, 0xDB, 0xAF, 0xFF, 0xFE, 0xFF, 0x7B, 0xED, 0x5D, 0x62,
    0x12, 0xD6, 0x95, 0x4A, 0xAB, 0x55, 0x32, 0xA0, 0x20, 0x01, 0x28, 0x8A, 0x0B, 0xFB, 0x56, 0xEB,
    0xBF, 0xAA, 0xFF, 0xBF, 0x5E, 0xEE, 0xFB, 0x6F, 0xEF, 0xEF, 0xFE, 0xB7, 0xD6, 0xD5, 0x40, 0xBF,
    0x80, 0x0D, 0x5A, 0xA4, 0x80, 0x04, 0x89, 0x28, 0x02, 0x21, 0x41, 0x57, 0xFB, 0x5E, 0xEA, 0xFF,
    0xB6, 0xEB, 0xAB, 0x7B, 0xDF, 0xFD, 0xBF, 0xFF, 0xDF, 0xFA, 0xAB, 0x7B, 0x05, 0xD5, 0xA4, 0xA2,
    0x40, 0x00, 0x0A, 0x50, 0x52, 0x02, 0x90, 0x94, 0x2F, 0xBD, 0x57, 0xED, 0xBF, 0xAD, 0xEF, 0xBE,
    0x5D, 0xAF, 0x7B, 0xBF, 0xFD, 0xFE, 0xFB, 0xEF, 0xD9, 0xAC, 0x11, 0x6E, 0x82, 0x08, 0x95, 0x55,
    0x55, 0x54, 0x20, 0xB0, 0x04, 0x01, 0x02, 0xEF, 0xFD, 0x77, 0xEA, 0xFB, 0x7B, 0xF7, 0x56, 0xFB,
    0xEF, 0xF7, 0xFF, 0xDF, 0xFF, 0x75, 0x56, 0xB6, 0x43, 0x5B, 0x90, 0x22, 0x22, 0x00, 0x2A, 0xA9,
    0x44, 0x14, 0x52, 0x54, 0x57, 0x75, 0x57, 0xAD, 0x7F, 0xBF, 0xDE, 0xDD, 0xAD, 0xAE, 0xFE, 0xFF,
    0xF7, 0xFF, 0xEF, 0xEF, 0xEA, 0xDA, 0x05, 0xEE, 0xC4, 0x88, 0x95, 0x2A, 0xB5, 0xA8, 0x2A, 0xA9,
    0x09, 0x01, 0x2B, 0xAF, 0xBA, 0xFF, 0xAA, 0xEB, 0x7B, 0xFF, 0x5B, 0xFB, 0xB7, 0xDE, 0xDF, 0xFB,
    0xBE, 0xF5, 0x55, 0x54, 0xB6, 0xB7, 0x82, 0x42, 0x55, 0x04, 0x0A, 0x4A, 0x95, 0xB4, 0x25, 0xD0,
    0x8C, 0xFA, 0xEF, 0x55, 0xFF, 0xBF, 0xEF, 0x6B, 0x5E, 0xAF, 0xFF, 0x7F, 0xFF, 0xFF, 0xFF, 0xDF,
    0xF5, 0x68, 0x1A, 0xAD, 0x90, 0xA1, 0x2D, 0x6A, 0xA0, 0x00, 0x55, 0x51, 0x00, 0x45, 0x2E, 0x57,
    0x75, 0xFE, 0xAB, 0xF6, 0xFF, 0xFF, 0x55, 0xFD, 0x6D, 0xFB, 0xFF, 0xDF, 0xFB, 0xF5, 0x5A, 0xA4,
    0x6B, 0x76, 0xC6, 0x94, 0x2A, 0x12, 0x08, 0x92, 0x8A, 0xA8, 0x4A, 0x42, 0x0A, 0xFD, 0xBF, 0x57,
    0xFE, 0xBF, 0xB6, 0xDD, 0xBF, 0x6F, 0xFF, 0xFF, 0xFF, 0xFF, 0x7F, 0x6F, 0xBD, 0xDB, 0x2D, 0xAF,
    0x8B, 0xC1, 0x40, 0xAA, 0x42, 0x24, 0x29, 0x22, 0x00, 0x91, 0x55, 0x57, 0xD5, 0xED, 0x5B, 0xED,
    0xFF, 0xFF, 0x55, 0xDB, 0xBF, 0xDF, 0xFF, 0xFF, 0xFF, 0xF5, 0xD6, 0xB6, 0xDA, 0xDA, 0xCD, 0x2C,
    0x94, 0x15, 0x2A, 0xA9, 0x2D, 0xA8, 0x94, 0x04, 0x20, 0xBA, 0xFE, 0xBF, 0xEE, 0xFF, 0xBB, 0xEF,
    0x5B, 0x7E, 0xF6, 0xFF, 0xBE, 0xFD, 0xED, 0xFF, 0x7A, 0xEB, 0x6D, 0x6F, 0x05, 0xA9, 0x41, 0x44,
    0x35, 0x54, 0x4A, 0xD2, 0x41, 0xA9, 0x15, 0x2F, 0x57, 0xD5, 0x7B, 0xB6, 0xFF, 0x7D, 0x2F, 0xEF,
    0xFF, 0xFD, 0xFF, 0xFF, 0xFF, 0xAB, 0xDF, 0x5B, 0xB7, 0xBB, 0xD2, 0xA0, 0x12, 0x15, 0x55, 0x69,
    0x16, 0xAD, 0x14, 0x10, 0xA2, 0x7B, 0xFA, 0xFF, 0xAF, 0xFF, 0xEF, 0xFF, 0x5A, 0xBB, 0xBB, 0xF7,
    0xFF, 0xFF, 0xFF, 0xFE, 0xEB, 0x76, 0xDA, 0xD6, 0x89, 0x56, 0xA0, 0x55, 0x2A, 0xA8, 0x5A, 0xD4,
    0x41, 0x4A, 0x14, 0xAD, 0x57, 0x55, 0xFD, 0xB7, 0xBF, 0xEF, 0x5F, 0xFE, 0xFF, 0xBF, 0xFF, 0xF7,
    0xB6, 0xEB, 0xBE, 0xDB, 0x7B, 0x5D, 0xA3, 0x8A, 0x89, 0x0A, 0x56, 0xDA, 0x97, 0x6A, 0x09, 0x29,
    0x42, 0xD7, 0xBD, 0xFE, 0xB7, 0xFD, 0xFD, 0xBD, 0x2B, 0x6F, 0xEF, 0xFF, 0xFF, 0xFF, 0xFF, 0xFD,
    0xEB, 0xBB, 0xAD, 0xB7, 0x88, 0x40, 0xA0, 0x4A, 0x6D, 0x68, 0x28, 0x94, 0xA0, 0xD0, 0x51, 0xAA,
    0xEE, 0xAB, 0xFE, 0xDF, 0xFF, 0xFF, 0x3E, 0xFB, 0xBE, 0xFF, 0xFF, 0xFF, 0xFF, 0xB6, 0xBE, 0xED,
    0xB6, 0xDD, 0xA3, 0x2A, 0x04, 0x11, 0x20, 0x01, 0x42, 0x20, 0x04, 0x55, 0x48, 0x97, 0xB7, 0xFE,
    0xD7, 0xF7, 0x6F, 0xFF, 0x57, 0xBE, 0xFF, 0xFF, 0xFF, 0xFE, 0xEE, 0xFE, 0xEB, 0xB6, 0xDB, 0x6B,
    0x52, 0x40, 0x91, 0x0A, 0x45, 0x58, 0x2A, 0xDA, 0x49, 0x04, 0xA5, 0x4D, 0x7A, 0xAB, 0xBD, 0xBF,
    0xFF, 0xFF, 0x2D, 0xEF, 0xFB, 0xFF, 0xFE, 0xFF, 0xFF, 0xEB, 0xBA, 0xDB, 0xBD, 0xB7, 0x81, 0x4A,
    0x04, 0x40, 0x68, 0x8A, 0xAA, 0xA8, 0x00, 0x12, 0x4A, 0xBB, 0xD7, 0xDE, 0xF7, 0xFD, 0xFD, 0xEF,
    0x3F, 0x7B, 0xEF, 0xFF, 0xFF, 0xF7, 0xFB, 0xF6, 0xEF, 0x6D, 0xD5, 0x5D, 0xAA, 0x40, 0x4A, 0x2E,
    0x85, 0x68, 0x2D, 0x71, 0x2A, 0x91, 0x02, 0x96, 0xFD, 0x77, 0xBE, 0xDF, 0xFF, 0xFF, 0x55, 0xEF,
    0x7F, 0xEF, 0xFF, 0xFF, 0xBF, 0x7F, 0x5A, 0xDD, 0x6F, 0xEE, 0x92, 0x25, 0x12, 0xB4, 0x61, 0xA9,
    0x56, 0xA8, 0x02, 0x54, 0x2D, 0x1F, 0x57, 0xBA, 0xEF, 0xFF, 0xBF, 0xFF, 0x2F, 0xBF, 0xFF, 0xBF,
    0xFF, 0xFF, 0xFF, 0xD5, 0xFF, 0xB6, 0xDA, 0xB5, 0xD5, 0x88, 0x09, 0x2A, 0xAD, 0x54, 0x3B, 0x55,
    0x54, 0x12, 0x10, 0xB5, 0xED, 0xDF, 0xBB, 0x76, 0xFF, 0xFF, 0x3D, 0xFD, 0xDD, 0xFF, 0xBF, 0xFE,
    0xED, 0xF6, 0xAA, 0xED, 0xDB, 0x5F, 0x41, 0x21, 0x41, 0x2A, 0x52, 0xD9, 0x4D, 0xB4, 0x01, 0x15,
    0xB4, 0xAE, 0xBB, 0x6A, 0xFF, 0xFF, 0xFF, 0xFF, 0x2F, 0x6F, 0xFF, 0xFF, 0xFF, 0xBB, 0xFF, 0xBB,
    0xDD, 0x56, 0xDD, 0xEA, 0x88, 0x10, 0x9D, 0xB5, 0x21, 0x40, 0xAA, 0xA9, 0x51, 0x34, 0xD0, 0x2B,
    0x6E, 0xDF, 0xDB, 0xBF, 0xEA, 0xAD, 0x5B, 0xFE, 0xFF, 0xFF, 0xFD, 0xFF, 0xFE, 0xF5, 0x6B, 0xFB,
    0x6A, 0x5F, 0xA2, 0xA6, 0xA5, 0x54, 0x44, 0x12, 0x20, 0x0C, 0x59, 0x11, 0x25, 0x40, 0xB7, 0xBB,
    0x7E, 0xFD, 0x55, 0x56, 0xAE, 0xDB, 0xEF, 0xFF, 0xFF, 0xFF, 0xDB, 0xF7, 0xB6, 0xAE, 0xDA, 0xAA,
    0xC9, 0x40, 0x5A, 0x09, 0x50, 0x80, 0x9E, 0xE2, 0x88, 0x44, 0x00, 0x14, 0x8A, 0xEE, 0xEF, 0xEA,
    0xAA, 0xB5, 0xDF, 0xFF, 0xBD, 0xFB, 0xFF, 0xFF, 0x7F, 0xBA, 0xAB, 0x55, 0x69, 0x5F, 0x82, 0x25,
    0x0D, 0x60, 0x42, 0x14, 0x53, 0x2A, 0x52, 0x12, 0xA5, 0x42, 0x57, 0xBB, 0xFB, 0xDB, 0xAA, 0xAA,
    0x6A, 0xDF, 0xF7, 0x54, 0x05, 0x49, 0xFE, 0xE8, 0x10, 0x00, 0x84, 0x2A, 0xA8, 0xA0, 0x22, 0x9A,
    0x88, 0x41, 0x2D, 0xB5, 0xE8, 0xD5, 0x02, 0x14, 0x25, 0xDE, 0xBF, 0x6D, 0xFD, 0x75, 0xBF, 0xF6,
    0xFD, 0x41, 0x72, 0xAA, 0xF7, 0xFB, 0x55, 0xBA, 0x55, 0x5F, 0xB5, 0x15, 0x4A, 0xA4, 0x42, 0x84,
    0x5A, 0xDA, 0xB1, 0x75, 0x28, 0x41, 0x4B, 0x6B, 0xED, 0xBF, 0x57, 0xDF, 0xDB, 0x7F, 0xB6, 0xE8,
    0x1B, 0xAA, 0xFF, 0x6C, 0xAA, 0x4B, 0x55, 0x55, 0xAE, 0xC8, 0xE5, 0x51, 0x10, 0x51, 0x65, 0x25,
    0x59, 0xDC, 0x01, 0x14, 0x25, 0xBF, 0x7F, 0x75, 0xFF, 0x76, 0x6F, 0xDE, 0xED, 0x05, 0x6A, 0xD5,
    0xDB, 0xFB, 0xED, 0xED, 0x55, 0x7E, 0xD4, 0xAA, 0x92, 0x2A, 0x52, 0x00, 0x90, 0x10, 0x02, 0x56,
    0xAA, 0x41, 0x12, 0xED, 0xDA, 0xDF, 0xEF, 0xFD, 0xBD, 0xF7, 0x18, 0x50, 0x43, 0xD5, 0xFF, 0x6F,
    0x7F, 0x7B, 0xFF, 0xD7, 0xBA, 0xC1, 0x2D, 0xD5, 0x68, 0x8A, 0x48, 0xEA, 0xB8, 0x2D, 0x00, 0x94,
    0xA5, 0xBB, 0xFD, 0xBA, 0xDE, 0xBF, 0xD7, 0x7F, 0xB2, 0x02, 0x69, 0xE8, 0xF7, 0xFD, 0xD5, 0xDE,
    0xD5, 0x7D, 0xAA, 0xBE, 0xF6, 0xAC, 0x50, 0x01, 0x62, 0xAA, 0x93, 0x52, 0x24, 0x04, 0x48, 0xDE,
    0xDB, 0x7B, 0xDB, 0xF3, 0x6F, 0xDD, 0x10, 0x88, 0x31, 0x66, 0xDE, 0xDF, 0xFF, 0x77, 0xBF, 0xD6,
    0xDD, 0xD5, 0x55, 0x55, 0x62, 0x48, 0xA8, 0xA9, 0x69, 0xB3, 0x81, 0x51, 0x02, 0xEB, 0xFD, 0xED,
    0xEF, 0xFB, 0xBD, 0xFF, 0xA2, 0x21, 0x11, 0xF2, 0xFF, 0xF6, 0xAD, 0xDD, 0xF6, 0xFF, 0xB6, 0xAB,
    0x55, 0x5A, 0x50, 0x22, 0x92, 0xAD, 0xB2, 0xD4, 0x90, 0x04, 0xA8, 0xBF, 0x6E, 0xBB, 0xDF, 0xB7,
    0xD7, 0x6E, 0x80, 0x04, 0x44, 0xBA, 0xF6, 0xBD, 0xFB, 0xF6, 0xBB, 0xAA, 0xD5, 0x76, 0xDD, 0xA9,
    0x52, 0x91, 0x48, 0xB5, 0x93, 0x7A, 0xE5, 0x20, 0x05, 0x6D, 0xFD, 0xFF, 0x7D, 0xFF, 0x6F, 0xFB,
    0x92, 0x40, 0x31, 0xED, 0xFF, 0xEF, 0xAE, 0xBF, 0xEE, 0xFF, 0xB7, 0xAD, 0x6A, 0xD4, 0xA0, 0x04,
    0xAA, 0xD2, 0xD1, 0x94, 0x40, 0x0A, 0x90, 0xDF, 0x5A, 0xAB, 0xDF, 0xB5, 0xBB, 0x7F, 0x44, 0x12,
    0x40, 0xBE, 0xDB, 0x7A, 0xFB, 0xD5, 0x7B, 0xB6, 0xDA, 0xB6, 0xAB, 0x5A, 0x51, 0x21, 0x4A, 0x5B,
    0x55, 0x76, 0x89, 0x20, 0x45, 0x75, 0xF5, 0x2A, 0xAA, 0xEF, 0xAF, 0xDF, 0x15, 0x80, 0x24, 0xEA,
    0xFF, 0xDF, 0xBE, 0xFF, 0xDE, 0xFB, 0xB5, 0x5B, 0x6D, 0x54, 0xC4, 0x08, 0xA1, 0x09, 0x71, 0xAC,
    0xA0, 0x04, 0x10, 0xDF, 0xF4, 0xEE, 0xF6, 0xB4, 0xDD, 0xF7, 0x97, 0x64, 0x80, 0x57, 0xDA, 0xF6,
    0xEB, 0xAB, 0x6B, 0xDE, 0xDB, 0xED, 0xB5, 0xAA, 0x48, 0x92, 0x54, 0xA4, 0x02, 0xF5, 0x44, 0x91,
    0x25, 0x75, 0x5A, 0x75, 0xAF, 0xDB, 0x6F, 0x7D, 0x6B, 0xF0, 0x13, 0x32, 0xFF, 0xBD, 0xBE, 0xFE,
    0xFE, 0xEB, 0xED, 0x55, 0x54, 0x21, 0x00, 0x01, 0x62, 0x22, 0xA9, 0x1A, 0xA0, 0x00, 0x01, 0xBF,
    0xF2, 0xB9, 0xDC, 0x77, 0xB7, 0xDF, 0xAD, 0x5A, 0x41, 0xA7, 0x6D, 0xEF, 0xEB, 0xB7, 0xAF, 0x7E,
    0xAB, 0x5A, 0xC1, 0x14, 0x22, 0x4A, 0xA0, 0xA4, 0x25, 0x45, 0x0A, 0xA4, 0x94, 0xD5, 0xCA, 0xEB,
    0xAF, 0xB3, 0xAD, 0xF7, 0x6F, 0xBC, 0x08, 0xA1, 0xFF, 0x7A, 0xBE, 0xED, 0xFB, 0xAB, 0xB6, 0xD7,
    0x48, 0x49, 0x08, 0x00, 0xD6, 0xAB, 0xA5, 0x58, 0xC0, 0x00, 0x42, 0x39, 0x2A, 0xBA, 0xDE, 0xFB,
    0xDF, 0x7F, 0x6A, 0x57, 0x22, 0x57, 0x6D, 0xDF, 0xEB, 0xBE, 0xAD, 0xFE, 0xDA, 0xA0, 0x21, 0x00,
    0x41, 0x25, 0x20, 0x08, 0x4A, 0xB5, 0x52, 0x4A, 0x21, 0x15, 0x55, 0xF5, 0xDF, 0x77, 0x6D, 0xDB,
    0x6D, 0xBA, 0x88, 0x05, 0xFF, 0x75, 0x7E, 0xEB, 0xFE, 0xB7, 0xAD, 0x8A, 0x84, 0x25, 0x08, 0x00,
    0xC5, 0x4C, 0x24, 0x54, 0x81, 0x00, 0x88, 0x8A, 0x56, 0xBB, 0xAD, 0x73, 0xB7, 0xFF, 0xA6, 0x8F,
    0x80, 0x99, 0x6B, 0xDF, 0xAB, 0xBE, 0xD7, 0xED, 0xD6, 0xE1, 0x20, 0x00, 0x90, 0xAA, 0x54, 0xA5,
    0x25, 0x44, 0x90, 0x2C, 0x22, 0x51, 0x55, 0x7F, 0xFF, 0xFF, 0x0E, 0xDD, 0x63, 0x35, 0x68, 0x11,
    0xFE, 0xF5, 0xFE, 0xEB, 0xBD, 0x7E, 0xBB, 0x02, 0xA2, 0x92, 0x25, 0x01, 0x5A, 0xA9, 0x55, 0x55,
    0x45, 0x01, 0x08, 0x02, 0xAF, 0xED, 0xFE, 0xFF, 0xBF, 0xF7, 0xB3, 0x2E, 0xC2, 0x40, 0xB7, 0xBF,
    0x57, 0xBE, 0xF7, 0xD7, 0xD5, 0xE2, 0x90, 0x21, 0x50, 0x24, 0xA5, 0x4D, 0x25, 0x54, 0xB2, 0x44,
    0x45, 0x51, 0x54, 0xBF, 0xB7, 0xED, 0xDA, 0xBF, 0x72, 0xAB, 0xB0, 0x08, 0xFD, 0xD5, 0xFA, 0xEB,
    0xBD, 0x7A, 0xAE, 0x89, 0xDA, 0x8A, 0x2A, 0x11, 0x40, 0xA5, 0xA7, 0x5A, 0x84, 0x10, 0x20, 0x0A,
    0xBB, 0x7B, 0xFF, 0xFF, 0xF7, 0xED, 0xB9, 0xAD, 0x51, 0x02, 0xD6, 0xFF, 0x5F, 0xBE, 0xEF, 0xDF,
    0xDA, 0xA3, 0x54, 0x41, 0x54, 0xA2, 0x41, 0x52, 0xA5, 0x6C, 0x81, 0x02, 0x89, 0x21, 0x6D, 0xED,
    0xAE, 0xFF, 0xBE, 0xFF, 0x72, 0xD7, 0xD4, 0x20, 0xFF, 0x55, 0xEA, 0xEB, 0xB5, 0x75, 0x6D, 0xAA,
    0xAA, 0xAA, 0x55, 0x21, 0x55, 0xAB, 0x4A, 0xB7, 0x12, 0x48, 0x00, 0x0B, 0xB5, 0x73, 0xDD, 0x6B,
    0xDB, 0xB7, 0xB5, 0x5A, 0xA0, 0x05, 0x6B, 0xFF, 0x7F, 0xBE, 0xFF, 0xDF, 0xB6, 0x90, 0x14, 0x01,
    0x00, 0x08, 0x84, 0x04, 0xA5, 0xDB, 0xC1, 0x10, 0xAA, 0xA1, 0x56, 0xEB, 0xAE, 0xF7, 0xEE, 0xFD,
    0x7B, 0xAD, 0x54, 0x82, 0xDE, 0xAA, 0xD5, 0x6B, 0xAA, 0xF6, 0xDA, 0xEA, 0xDA, 0xA4, 0x6A, 0xC2,
    0xA9, 0x55, 0x0A, 0x6D, 0x72, 0x02, 0x00, 0x0A, 0xAA, 0xF5, 0xBD, 0x77, 0xBB, 0xD7, 0xAC, 0x56,
    0xD2, 0x10, 0xF7, 0xFF, 0xBF, 0xFE, 0xFF, 0xBB, 0xAB, 0x57, 0x6A, 0xAA, 0xAA, 0x50, 0xAB, 0x55,
    0xCB, 0xB7, 0xD2, 0x50, 0x08, 0x82, 0xD5, 0x6B, 0xDE, 0xEB, 0xEF, 0x7F, 0x7C, 0xAB, 0x48, 0x00,
    0xBA, 0xAA, 0xEA, 0xAB, 0xAA, 0xEE, 0xC4, 0x28, 0x95, 0x54, 0x55, 0x45, 0x55, 0x55, 0x55, 0x6D,
    0x61, 0x04, 0xA2, 0x2A, 0xAD, 0xF7, 0xBD, 0xFF, 0xBD, 0xED, 0xAE, 0x14, 0xA2, 0x84, 0xEF, 0xFF,
    0x7F, 0xFE, 0xFF, 0xBB, 0x90, 0x80, 0x00, 0x02, 0x91, 0x22, 0x55, 0x4A, 0x8A, 0xB6, 0x8A, 0x20,
    0x00, 0x02, 0xAB, 0x7B, 0xDF, 0x77, 0xEF, 0x7F, 0x77, 0x6A, 0x80, 0x10, 0xDA, 0xAB, 0xAA, 0xAB,
    0xAD, 0xEE, 0xC4, 0x12, 0x92, 0x49, 0x0A, 0x89, 0x55, 0x28, 0x94, 0x02, 0xA1, 0x09, 0x24, 0xAA,
    0xB5, 0xDF, 0xFF, 0xFF, 0xB5, 0xD7, 0xBB, 0x81, 0x15, 0x00, 0xFF, 0xF6, 0xFF, 0xFE, 0xFB, 0x7B,
    0x91, 0x20, 0x40, 0x05, 0x20, 0x20, 0x80, 0x0A, 0x2C, 0x95, 0x44, 0x40, 0x00, 0x05, 0x6D, 0x7E,
    0xFB, 0xFD, 0xDF, 0x7D, 0x56, 0x94, 0x80, 0x42, 0x55, 0x5D, 0xAA, 0xAB, 0xAF, 0xAE, 0xC0, 0x8A,
    0x09, 0x21, 0x09, 0x05, 0x24, 0x88, 0x96, 0x08, 0x12, 0x09, 0x25, 0x2A, 0x9F, 0xF7, 0xEF, 0xF7,
    0xBB, 0xDF, 0xBB, 0xDB, 0x55, 0x00, 0xFF, 0xB7, 0x7D, 0xFD, 0xFA, 0xFB, 0x85, 0x20, 0x80, 0x0A,
    0x80, 0x42, 0x88, 0x48, 0x58, 0x41, 0x42, 0x82, 0x10, 0x12, 0x5D, 0xBF, 0xBF, 0x7F, 0xEE, 0xF5,
    0xAE, 0xE9, 0x6E, 0xD0, 0xAA, 0xED, 0xD7, 0x57, 0x5F, 0xAE, 0xC0, 0x08, 0x52, 0x40, 0x4A, 0x10,
    0x81, 0x29, 0x17, 0x10, 0xAA, 0x28, 0xA2, 0xA9, 0x2B, 0x6A, 0xF5, 0xDF, 0xBB, 0xBF, 0x55, 0xB5,
    0xB5, 0xA2, 0x7D, 0xBB, 0x7B, 0xED, 0xEA, 0xFB, 0x92, 0x42, 0x40, 0x0C, 0x80, 0x85, 0x48, 0x48,
    0x59, 0x24, 0x02, 0x02, 0x00, 0x42, 0x1D, 0xDF, 0x5F, 0x62, 0xDD, 0xD7, 0xBB, 0x6C, 0xDE, 0xD0,
    0xD7, 0x6E, 0xD6, 0xBE, 0xBF, 0xBE, 0xC8, 0x40, 0x92, 0xF2, 0x92, 0x25, 0x05, 0x04, 0x97, 0x11,
    0x69, 0x90, 0x24, 0x10, 0xAF, 0x7B, 0x1B, 0xFF, 0xB7, 0x7D, 0x4D, 0xBA, 0x2B, 0x6C, 0x7B, 0xDB,
    0xBD, 0xD7, 0xEA, 0xEB, 0x9A, 0x57, 0x40, 0x5A, 0x04, 0x02, 0xA2, 0x54, 0x2D, 0x84, 0x22, 0xA5,
    0x01, 0x4B, 0x21, 0x55, 0x6E, 0xAD, 0xED, 0xD7, 0xB6, 0xD1, 0x5A, 0xB6, 0xDD, 0x76, 0xEF, 0x7A,
    0xBF, 0xBE, 0xD4, 0x46, 0x6A, 0xA6, 0xCA, 0xAA, 0x8B, 0x12, 0x98, 0xA9, 0x15, 0x10, 0x94, 0x01,
    0x08, 0x82, 0x31, 0x22, 0xBE, 0xFD, 0x95, 0xB4, 0xAD, 0xD4, 0x6B, 0xBD, 0xB5, 0xDF, 0xEA, 0xEB,
    0x95, 0xAD, 0xB5, 0x6F, 0xD0, 0x02, 0x9F, 0x5F, 0x2D, 0x4D, 0xD2, 0x4D, 0x01, 0x52, 0x45, 0x69,
    0x4A, 0x95, 0xD7, 0x57, 0x56, 0xE2, 0x4A, 0xB7, 0xBD, 0xD7, 0x7E, 0xB5, 0x7F, 0xBE, 0xCF, 0x6B,
    0x50, 0x92, 0xA4, 0x91, 0x25, 0x29, 0x35, 0xAC, 0x2B, 0xA4, 0x25, 0x78, 0xB1, 0xF7, 0xB0, 0x5B,
    0xBA, 0xFD, 0x8A, 0xB1, 0x2A, 0xDA, 0xD6, 0xBB, 0xD5, 0xEF, 0xAA, 0xEB, 0x9A, 0xD6, 0xD6, 0x2F,
    0xF1, 0x0A, 0x9D, 0x9C, 0x1C, 0xC6, 0xDC, 0x92, 0xDA, 0x8C, 0x92, 0xBB, 0xFF, 0x5F, 0xDF, 0xAF,
    0x55, 0x90, 0x95, 0x6A, 0xBB, 0xED, 0x6F, 0x7A, 0xFF, 0xBE, 0xED, 0xB3, 0x5A, 0x82, 0x48, 0x45,
    0x23, 0x22, 0x95, 0x55, 0x45, 0x5F, 0xBF, 0xF6, 0xAA, 0xFB, 0xBE, 0x2A, 0xB5, 0x75, 0xC2, 0xC5,
    0x25, 0x56, 0xEE, 0xB7, 0xBB, 0xAF, 0xAA, 0xED, 0xB6, 0xEB, 0x48, 0x4A, 0x95, 0x12, 0x94, 0x4C,
    0x2E, 0x87, 0x35, 0x45, 0x6A, 0xBF, 0xB5, 0xE9, 0xF5, 0x95, 0xDB, 0xDF, 0x4B, 0x10, 0x4A, 0xBA,
    0xB5, 0xDD, 0x6D, 0x7A, 0xFF, 0xBB, 0xDA, 0xB5, 0x8C, 0x20, 0x52, 0x4A, 0x09, 0x22, 0x85, 0x69,
    0x86, 0xA5, 0xBF, 0xED, 0xFA, 0x55, 0x5F, 0xF5, 0xB6, 0xEA, 0x82, 0x11, 0x02, 0xAA, 0xBE, 0xB7,
    0xDF, 0xD7, 0xAA, 0xEE, 0xAC, 0xBD, 0x92, 0x85, 0x35, 0x02, 0x42, 0x94, 0x65, 0x52, 0xDA, 0x00,
    0x00, 0x35, 0x01, 0xB7, 0xAA, 0xDD, 0xDD, 0xBF, 0xCD, 0x00, 0x29, 0x55, 0x6B, 0xED, 0x75, 0x7D,
    0xFF, 0xBB, 0xF7, 0x4A, 0xC2, 0x28, 0x09, 0x50, 0x92, 0x92, 0x12, 0xB9, 0x64, 0xA9, 0x22, 0x90,
    0x25, 0xEA, 0xDB, 0xF5, 0x77, 0x6A, 0x88, 0x11, 0x04, 0xAA, 0xB6, 0xB7, 0xAE, 0xD6, 0xAA, 0xEE,
    0xAB, 0x6B, 0x7A, 0xA0, 0x85, 0x45, 0x12, 0xD5, 0x43, 0xEC, 0xA2, 0x02, 0x14, 0x12, 0x43, 0x77,
    0xF5, 0x77, 0xDA, 0xDF, 0x71, 0x00, 0x51, 0x2D, 0x6D, 0xDD, 0x7B, 0xBF, 0xFF, 0xBB, 0xBB, 0x54,
    0x9E, 0x94, 0x42, 0x22, 0x4A, 0x8A, 0x32, 0xB6, 0xB0, 0xA8, 0xA0, 0xA9, 0x0D, 0xD6, 0xDF, 0x5D,
    0xAF, 0xB5, 0xA4, 0x12, 0x04, 0x95, 0x5B, 0x6B, 0xD6, 0xEA, 0xAA, 0xEE, 0xCD, 0xD5, 0x42, 0x80,
    0x90, 0x48, 0xAA, 0xD2, 0x59, 0x5B, 0x44, 0x04, 0x04, 0x2D, 0x67, 0x68, 0xBD, 0xFF, 0xF5, 0x7B,
    0x50, 0x08, 0x11, 0x54, 0xBD, 0xBD, 0x7D, 0xBF, 0xFF, 0xBB, 0xA6, 0x5A, 0xA2, 0x12, 0x42, 0x54,
    0x13, 0x5A, 0x2C, 0x24, 0x22, 0xB1, 0x4A, 0x52, 0x5B, 0xB1, 0x06, 0xD6, 0x5E, 0xD7, 0x84, 0x00,
    0x42, 0x95, 0x6B, 0x6F, 0xAB, 0xD5, 0x55, 0xEE, 0xDB, 0xAB, 0x4A, 0xA1, 0x08, 0x42, 0xAB, 0xD4,
    0xAB, 0x0B, 0xC9, 0x54, 0x25, 0xAD, 0xD5, 0x3A, 0x53, 0x4F, 0xD5, 0xDD, 0x60, 0xA2, 0x08, 0x20,
    0xB6, 0xDA, 0xF6, 0xFE, 0xFE, 0xBB, 0x95, 0x54, 0xA5, 0x50, 0x25, 0x28, 0x54, 0x96, 0x36, 0xA4,
    0x41, 0xF0, 0x85, 0x56, 0xB7, 0x5C, 0x8B, 0x6B, 0x7B, 0x76, 0xAA, 0x54, 0xA2, 0x8A, 0xBB, 0xB6,
    0xAF, 0x55, 0xAB, 0xEE, 0xC7, 0x24, 0xAA, 0x84, 0x85, 0x2A, 0x96, 0xD5, 0x08, 0x11, 0xA8, 0xA4,
    0x15, 0x5B, 0xD4, 0xA1, 0x61, 0x4E, 0xAD, 0xAD, 0xD5, 0x22, 0x94, 0xAA, 0xD6, 0xED, 0xFA, 0xFF,
    0xFD, 0x7B, 0x81, 0x5A, 0xD5, 0x40, 0x20, 0x4A, 0x41, 0x2A, 0x00, 0x80, 0x42, 0xC4, 0x4D, 0x6D,
    0x50, 0x0A, 0x4B, 0x7F, 0xD6, 0xF7, 0x55, 0x55, 0x55, 0x52, 0x6D, 0xB7, 0x57, 0xAA, 0xAF, 0xAE,
    0xD0, 0x09, 0x2A, 0xB4, 0x8F, 0x12, 0x35, 0x4A, 0xA5, 0x54, 0x09, 0x62, 0x16, 0xAB, 0x02, 0xA1,
    0x43, 0x5A, 0x7B, 0xAD, 0xAA, 0xAA, 0x55, 0x2A, 0xB6, 0xDD, 0xBA, 0xDD, 0xF5, 0xF7, 0x45, 0xC0,
    0x45, 0x40, 0x20, 0x45, 0x4A, 0xB5, 0x02, 0xAA, 0x41, 0x44, 0x4A, 0xD5, 0x28, 0x4C, 0x69, 0x1F,
    0xAD, 0x76, 0xF6, 0xDD, 0xDA, 0xDB, 0xDB, 0x6B, 0x6F, 0x77, 0x5E, 0xBB, 0x92, 0x6A, 0x12, 0x6B,
    0xAD, 0x34, 0x75, 0x4A, 0x96, 0xAC, 0x14, 0xA2, 0x1D, 0x6E, 0xC5, 0x12, 0xCB, 0xAB, 0xDB, 0xAD,
    0xAD, 0xB7, 0x6F, 0x6D, 0x6D, 0xBD, 0xDA, 0xDB, 0xB5, 0xDD, 0xCB, 0x50, 0x4A, 0x20, 0xAA, 0xAA,
    0x8A, 0xB5, 0x45, 0x31, 0x01, 0x5A, 0x4A, 0xB5, 0x90, 0x84, 0xC7, 0x25, 0x6D, 0xDB, 0x76, 0xEA,
    0xB5, 0xAA, 0xAA, 0xD6, 0xB7, 0x6D, 0x6F, 0x6E, 0xA1, 0x25, 0xA9, 0x02, 0x25, 0x08, 0xAA, 0x95,
    0x00, 0x88, 0x51, 0x4A, 0x1B, 0x56, 0x85, 0x54, 0xA8, 0x90, 0xB6, 0xB6, 0xDB, 0x5F, 0xDA, 0xD5,
    0x55, 0x55, 0x6D, 0xB7, 0xBB, 0xBB, 0xAA, 0xAA, 0x25, 0x52, 0xDA, 0xD3, 0x6A, 0xD5, 0xA5, 0xAA,
    0x04, 0xB5, 0x15, 0x6B, 0x50, 0x12, 0x92, 0x8A, 0xDB, 0x6D, 0xAD, 0xEA, 0xAF, 0x5A, 0xAA, 0xAB,
    0xB6, 0xDA, 0xED, 0xED, 0xD3, 0x15, 0x55, 0x45, 0x55, 0x6D, 0x55, 0x55, 0x02, 0x90, 0x91, 0x57,
    0x5A, 0xB5, 0xA2, 0x40, 0x4B, 0x51, 0x6D, 0xB6, 0xF6, 0xB6, 0xF5, 0xAB, 0x40, 0x5A, 0xDB, 0x6F,
    0x56, 0xAE, 0xA0, 0x60, 0xA8, 0x0A, 0xAA, 0xA9, 0x55, 0x5A, 0xA9, 0x48, 0x05, 0x5A, 0x95, 0xAE,
    0xE0, 0x1B, 0x5D, 0xC4, 0xB6, 0xDB, 0x5B, 0xBB, 0x5A, 0xAA, 0x80, 0x2A, 0xAA, 0xDA, 0xA7, 0x77,
    0xD1, 0x2E, 0x81, 0x52, 0x45, 0x4A, 0x4A, 0x06, 0x42, 0xA1, 0xA1, 0xAD, 0xD6, 0xD5, 0x29, 0x7F,
    0xF7, 0xD2, 0xDB, 0x6D, 0xDD, 0x55, 0xAF, 0x6C, 0x00, 0x0B, 0x6D, 0xB6, 0x94, 0x0D, 0x4E, 0x90,
    0x2D, 0x0D, 0x54, 0xA5, 0x50, 0x41, 0x21, 0xA5, 0x09, 0x6A, 0xAA, 0xAA, 0x82, 0x00, 0x5A, 0xE0,
    0x6D, 0xB6, 0xAB, 0xEE, 0xF5, 0xB4, 0x01, 0x05, 0x56, 0x88, 0x48, 0xAF, 0xB5, 0xEA, 0xD6, 0x55,
    0x7A, 0x95, 0x54, 0xB8, 0x8A, 0xD2, 0xA2, 0xD7, 0xDA, 0x0A, 0xF9, 0x55, 0x26, 0xAB, 0xAA, 0xDB,
    0xF6, 0xBB, 0xAE, 0xA8, 0x90, 0x05, 0xB8, 0x01, 0x34, 0x15, 0x48, 0x54, 0xB1, 0x01, 0x05, 0x54,
    0xA1, 0x4C, 0x41, 0x45, 0x81, 0xBA, 0xB0, 0x44, 0xAE, 0xEE, 0xDB, 0x7D, 0x00, 0x00, 0x00, 0x00,
    0x01, 0xA8, 0x00, 0x22, 0x81, 0x00, 0x6E, 0x97, 0x82, 0x10, 0x84, 0x2A, 0x50, 0x4A, 0x85, 0x52,
    0x05, 0x46, 0xA5, 0x6E, 0xC2, 0x12, 0x3A, 0xB5, 0xB5, 0xAB, 0x00, 0x00, 0x00, 0x00, 0x00, 0x74,
    0x01, 0x01, 0x00, 0x24, 0x5B, 0xDD, 0xC8, 0x59, 0x40, 0x24, 0x8A, 0x91, 0x51, 0x29, 0x20, 0x81,
    0x41, 0xB5, 0xE8, 0xA9, 0x9D, 0x56, 0xDE, 0xFE, 0x00, 0x00, 0x00, 0x00, 0x00, 0xA8, 0x04, 0x01,
    0x08, 0x81, 0x1D, 0x66, 0x81, 0x08, 0x11, 0x55, 0x25, 0x24, 0x04, 0x92, 0x0A, 0x91, 0x4C, 0xAA,
    0x52, 0x94, 0x46, 0xDB, 0x6B, 0x55, 0x00, 0x00, 0x00, 0x00, 0x08, 0xB0, 0x40, 0x08, 0x20, 0x50,
    0x2B, 0xDF, 0xC0, 0x04, 0x00, 0x94, 0xA8, 0x95, 0xA2, 0x44, 0x98, 0xA4, 0x72, 0x57, 0x55, 0x4B,
    0x4B, 0x6A, 0xB6, 0xF7, 0x55, 0x55, 0x57, 0xAA, 0xA0, 0xA8, 0x00, 0x41, 0x03, 0xAF, 0x7E, 0xEA,
    0x88, 0x40, 0x92, 0x22, 0x45, 0x42, 0x49, 0x12, 0x0A, 0x49, 0x40, 0x03, 0xA4, 0x29, 0x53, 0xAD,
    0xDD, 0xAD, 0xB6, 0xDB, 0x6A, 0xF6, 0xC0, 0x69, 0x05, 0x40, 0x04, 0xB5, 0xAB, 0x57, 0xA2, 0x08,
    0x00, 0x95, 0x28, 0x2A, 0x84, 0xA4, 0x41, 0x15, 0x09, 0x10, 0xEF, 0xAD, 0x43, 0x56, 0xB6, 0xFE,
    0xDB, 0x6D, 0xB7, 0x5B, 0x61, 0x58, 0x02, 0xB1, 0xDB, 0x54, 0xAD, 0xED, 0x80, 0x21, 0x4A, 0x40,
    0x85, 0xA9, 0x25, 0x01, 0x08, 0xA9, 0x20, 0x42, 0x72, 0xF7, 0x59, 0xAA, 0xDB, 0x55, 0x55, 0x55,
    0x5A, 0xED, 0xA0, 0x60, 0x12, 0x91, 0x24, 0xAA, 0xAB, 0x56, 0xC2, 0x04, 0x21, 0x15, 0x52, 0x24,
    0x88, 0x92, 0x22, 0x24, 0x04, 0x08, 0x5B, 0xBD, 0xE0, 0xD5, 0x6A, 0xAB, 0xB6, 0xDB, 0x6B, 0xB6,
    0xC0, 0xB0, 0x08, 0x40, 0x00, 0x29, 0x2D, 0xB7, 0x88, 0xA9, 0x54, 0x48, 0x94, 0x92, 0x45, 0x00,
    0x40, 0x14, 0x51, 0x21, 0x2D, 0xD7, 0x69, 0x5B, 0x56, 0xF5, 0xDB, 0x6D, 0xAD, 0x55, 0x40, 0x51,
    0x11, 0x09, 0x00, 0x14, 0x9B, 0x6D, 0xD2, 0x92, 0x2A, 0xA5, 0x42, 0xAA, 0xA4, 0x89, 0x24, 0x91,
    0x14, 0x00, 0x14, 0xFD, 0xD4, 0xD5, 0x5B, 0x5D, 0x55, 0x56, 0xB6, 0xED, 0xA1, 0x50, 0x0D, 0xB0,
    0x24, 0x85, 0x57, 0xD6, 0xA5, 0x49, 0x81, 0x10, 0x29, 0x12, 0x82, 0x40, 0x80, 0x54, 0x48, 0x49,
    0x0E, 0xAF, 0x54, 0x55, 0xAA, 0xA6, 0xB6, 0xDA, 0xDB, 0x56, 0xC0, 0x5C, 0x24, 0xD0, 0x00, 0x14,
    0x9D, 0x6F, 0xA8, 0xAA, 0x5A, 0x4A, 0x94, 0xA8, 0x55, 0x14, 0x64, 0x88, 0x44, 0x00, 0x46, 0xF5,
    0x94, 0xD5, 0x6D, 0x5B, 0xAB, 0x6D, 0x6D, 0xBA, 0xA0, 0x6A, 0x8A, 0x11, 0x00, 0x12, 0xAF, 0xAA,
    0xD6, 0x29, 0x21, 0x22, 0x42, 0x46, 0xA0, 0x42, 0x82, 0x40, 0x51, 0x24, 0x13, 0x5E, 0x10, 0x55,
    0x55, 0xD5, 0x00, 0x00, 0x00, 0x6B, 0x61, 0x2D, 0x45, 0x54, 0x08, 0x8A, 0x55, 0x6F, 0xAA, 0xAD,
    0x4C, 0x94, 0x95, 0x29, 0x12, 0x94, 0x08, 0xA9, 0x28, 0x01, 0x05, 0x30, 0x4C, 0xAA, 0xAA, 0xAD,
    0x30, 0x2B, 0x55, 0xAD, 0xA0, 0x56, 0x94, 0x24, 0x20, 0x04, 0xAD, 0xD5, 0xA5, 0x42, 0x52, 0x42,
    0x48, 0x92, 0x41, 0x29, 0x22, 0x40, 0x82, 0x48, 0x42, 0x82, 0x28, 0xAD, 0x5B, 0x55, 0x5A, 0x95,
    0xFD, 0x55, 0x40, 0x7B, 0x53, 0x56, 0x04, 0x12, 0x85, 0x5E, 0xD5, 0x59, 0x29, 0x29, 0x22, 0x49,
    0x28, 0x82, 0x00, 0x14, 0x10, 0x01, 0x11, 0xA8, 0xA4, 0xAA, 0xD5, 0x6D, 0x28, 0x0E, 0xAB, 0x6D,
    0xE0, 0x2A, 0xC8, 0xB8, 0x91, 0x08, 0xAB, 0x57, 0x55, 0x55, 0x4A, 0xA4, 0x00, 0x04, 0x94, 0x54,
    0x94, 0x81, 0x84, 0x90, 0x02, 0x82, 0x50, 0xAA, 0xAC, 0xAA, 0x14, 0xA5, 0xF5, 0xB6, 0x81, 0x57,
    0x54, 0xAC, 0x42, 0x44, 0x90, 0xEB, 0xDA, 0xAA, 0xA4, 0x92, 0x94, 0xA0, 0x42, 0x08, 0x12, 0x50,
    0x12, 0x04, 0x91, 0x50, 0x49, 0x55, 0x59, 0x55, 0x80, 0x16, 0xBE, 0xAA, 0xE0, 0x3A, 0xD5, 0x6A,
    0x5B, 0x07, 0xC2, 0x56, 0xAB, 0x55, 0x52, 0x48, 0x00, 0x0A, 0x08, 0x41, 0x49, 0x25, 0x44, 0x40,
    0x01, 0x4E, 0xAA, 0xA8, 0x61, 0xAD, 0xAA, 0x8B, 0xD5, 0x6D, 0x40, 0x55, 0x4A, 0xAA, 0x5D, 0xC9,
    0x40, 0x4F, 0xD5, 0x6D, 0xAA, 0xAA, 0x4A, 0x40, 0x81, 0x08, 0x25, 0x50, 0x01, 0x12, 0x90, 0x97,
    0x41, 0x45, 0x8A, 0xAA, 0xA4, 0x2F, 0xFA, 0xB6, 0xA0, 0xA9, 0x52, 0xDB, 0x4B, 0x24, 0x88, 0x15,
    0x5A, 0xAA, 0xAA, 0x89, 0x00, 0x12, 0x28, 0x21, 0x12, 0x21, 0x50, 0x00, 0x04, 0x6D, 0xA4, 0x1A,
    0x55, 0x55, 0xD6, 0x86, 0xDD, 0xAB, 0x60, 0x2A, 0x55, 0x55, 0xA2, 0x81, 0x40, 0x1F, 0xAD, 0x55,
    0x55, 0x24, 0xA9, 0x40, 0x01, 0x04, 0x40, 0x94, 0x89, 0x24, 0x91, 0xEE, 0xC5, 0xC0, 0x2A, 0xAA,
    0xB4, 0x2B, 0xEA, 0xDA, 0xA0, 0x90, 0xB5, 0x6D, 0x52, 0x08, 0x82, 0x0A, 0xEB, 0x55, 0x5A, 0xD2,
    0x22, 0x12, 0xA4, 0x10, 0x0A, 0x00, 0x40, 0x00, 0x80, 0xB5, 0xEA, 0x0A, 0x55, 0x6A, 0xEA, 0x8D,
    0xBD, 0x6B, 0x40, 0x4A, 0x55, 0x16, 0xAC, 0x04, 0x48, 0x57, 0x55, 0xAA, 0xAA, 0xA9, 0x48, 0xA4,
    0x49, 0x41, 0x20, 0x52, 0x2A, 0x48, 0x08, 0xDB, 0x28, 0xBC, 0xAA, 0xAB, 0xFD, 0x2D, 0xEB, 0xAD,
    0xE0, 0x24, 0x9A, 0xCB, 0x57, 0x5B, 0x40, 0x1B, 0xBA, 0xD5, 0x56, 0x96, 0x25, 0x11, 0x10, 0x04,
    0x01, 0x00, 0x80, 0x02, 0x42, 0x6C, 0x85, 0xE0, 0xAA, 0xAA, 0xAA, 0x17, 0xBD, 0x55, 0x20, 0x92,
    0x2B, 0x55, 0xB5, 0x55, 0x72, 0x0D, 0xCD, 0x6A, 0xD5, 0x55, 0x90, 0xA4, 0x82, 0x20, 0x94, 0x12,
    0x09, 0x28, 0x10, 0x0B, 0x76, 0x05, 0x52, 0xA9, 0xFD, 0x4E, 0xD7, 0xB6, 0xC0, 0x48, 0x8A, 0xCA,
    0x9A, 0xA8, 0x00, 0x16, 0xB7, 0x5A, 0xAA, 0xAA, 0xD5, 0x12, 0x48, 0x84, 0x00, 0x80, 0x20, 0x01,
    0x02, 0x20, 0xA8, 0xAA, 0x94, 0x95, 0xED, 0x05, 0x7D, 0x5B, 0x60, 0x2A, 0x27, 0x6B, 0xCB, 0x74,
    0xD1, 0x1B, 0xD5, 0x6A, 0xAD, 0x55, 0x54, 0xA9, 0x20, 0x10, 0x90, 0x24, 0x84, 0x90, 0x48, 0x8A,
    0x02, 0x52, 0x4A, 0x54, 0xFB, 0xAB, 0x6F, 0x6A, 0xA0, 0x44, 0x11, 0x54, 0x6D, 0xAA, 0xC1, 0x56,
    0xAB, 0xAD, 0x55, 0x75, 0x55, 0x04, 0x95, 0x02, 0x04, 0x80, 0x00, 0x04, 0x00, 0x00, 0x91, 0x29,
    0x52, 0xA5, 0xDE, 0x85, 0xF5, 0xAD, 0xA0, 0x31, 0x15, 0x6D, 0x86, 0xAD, 0x2E, 0xAF, 0xDA, 0xD6,
    0xAA, 0x92, 0xAA, 0xD2, 0x48, 0xA8, 0x40, 0x12, 0x24, 0x81, 0x22, 0x24, 0x04, 0x85, 0x2A, 0x95,
    0xFB, 0x21, 0x5F, 0x56, 0xC0, 0x8C, 0x40, 0xAA, 0x51, 0xB5, 0xD2, 0x95, 0x6A, 0xBA, 0xAA, 0xD5,
    0x55, 0x4A, 0xA5, 0x11, 0x12, 0x40, 0x80, 0x24, 0x08, 0x00, 0x40, 0x12, 0x49, 0x55, 0xEF, 0x15,
    0x7D, 0xB5, 0x60, 0x2A, 0x0A, 0x55, 0x84, 0x7F, 0x42, 0xAF, 0xB6, 0xEB, 0x55, 0x2A, 0xAA, 0xB1,
    0x10, 0xA4, 0x00, 0x08, 0x12, 0x00, 0x40, 0x91, 0x08, 0x89, 0x25, 0x2A, 0xBD, 0x81, 0xF7, 0x5B,
    0x40, 0x48, 0x00, 0x88, 0x02, 0xD1, 0x5D, 0x95, 0x5B, 0x55, 0xAA, 0xAA, 0xD5, 0x5C, 0xAA, 0x89,
    0x55, 0x22, 0x40, 0x48, 0x02, 0x00, 0x00, 0x12, 0xA8, 0xA4, 0xF7, 0x2A, 0x3D, 0xEA, 0xA0, 0x25,
    0x45, 0x6A, 0x69, 0x00, 0x02, 0xEF, 0xD5, 0xBD, 0x64, 0xA9, 0x2E, 0xC6, 0x44, 0x52, 0x40, 0x80,
    0x04, 0x01, 0x20, 0x24, 0x44, 0x44, 0x4A, 0x52, 0x5D, 0x40, 0x97, 0x2D, 0xE0, 0x8A, 0x52, 0xBF,
    0xA0, 0x07, 0xC3, 0x15, 0x6E, 0xAB, 0x5A, 0xAA, 0xA9, 0x3B, 0x29, 0x24, 0x95, 0x2A, 0x41, 0x20,
    0x08, 0x80, 0x10, 0x21, 0x22, 0x95, 0xAE, 0xEA, 0x41, 0xD6, 0x40, 0x21, 0x08, 0x44, 0x80, 0x01,
    0x61, 0xD7, 0xB5, 0x56, 0xEA, 0xAA, 0xAA, 0xC4, 0x92, 0x92, 0x48, 0x81, 0x10, 0x05, 0x42, 0x04,
    0x81, 0x14, 0x94, 0xA4, 0xF5, 0xA5, 0x28, 0x6B, 0x60, 0x08, 0x42, 0x52, 0x00, 0x2A, 0x30, 0x5A,
    0xD6, 0xDB, 0x2D, 0x55, 0xAA, 0xBA, 0xA4, 0x49, 0x25, 0x2A, 0x4A, 0x90, 0x28, 0xA1, 0x04, 0x42,
    0x42, 0x52, 0x5D, 0x50, 0x05, 0x5A, 0xA0, 0x42, 0x10, 0x09, 0x44, 0x81, 0x5A, 0xAF, 0x5B, 0x6B,
    0xD5, 0x55, 0x55, 0x4A, 0xD2, 0xA4, 0x92, 0x54, 0xA4, 0x4A, 0x84, 0x14, 0x21, 0x28, 0x95, 0x15,
    0xF6, 0xEA, 0xA8, 0x55, 0xA0, 0x00, 0x41, 0x20, 0x00, 0x12, 0x4A, 0x15, 0xEA, 0xB5, 0x6D, 0x55,
    0x55, 0x6B, 0x28, 0x12, 0x49, 0x22, 0x12, 0x90, 0x52, 0xA1, 0x12, 0x02, 0x24, 0xC8, 0xDB, 0x58,
    0x12, 0x6E, 0xD0, 0x55, 0x5C, 0x88, 0x04, 0x45, 0x2A, 0xAE, 0xAD, 0xAE, 0xB7, 0x55, 0x55, 0x54,
    0xAB, 0x49, 0x24, 0x95, 0x48, 0x4A, 0x94, 0x08, 0x88, 0xA9, 0x52, 0x2A, 0xBD, 0xAA, 0xA1, 0x55,
    0x60, 0x01, 0x6B, 0x00, 0x12, 0x22, 0x55, 0x57, 0xB5, 0x6A, 0xD5, 0x55, 0x2A, 0xAA, 0xA5, 0x54,
    0x92, 0x48, 0xA5, 0x22, 0x42, 0xA4, 0x42, 0x14, 0x89, 0xA5, 0xF5, 0xED, 0x14, 0x5A, 0xA0, 0x48,
    0xB6, 0x81, 0x01, 0x14, 0xA2, 0x15, 0xAB, 0x5B, 0x76, 0xD2, 0xAA, 0xA5, 0x5A, 0xA2, 0x49, 0x25,
    0x12, 0x94, 0x94, 0x12, 0xA8, 0xA2, 0x54, 0x28, 0xDB, 0xBE, 0xA2, 0xAB, 0x40, 0x00, 0x1A, 0xE0,
    0x04, 0x04, 0x95, 0x16, 0xD5, 0xAD, 0x5B, 0x55, 0x4A, 0xAA, 0xA5, 0x51, 0x20, 0x92, 0x48, 0x42,
    0x22, 0xA4, 0x05, 0x09, 0x0A, 0x92, 0xF6, 0xEF, 0xD5, 0x5A, 0xE0, 0x00, 0x46, 0x80, 0x10, 0xA9,
    0x49, 0x1B, 0xBA, 0xF5, 0x75, 0x6A, 0xB2, 0xA9, 0x4A, 0x5A, 0x14, 0x24, 0xA5, 0x29, 0x48, 0x91,
    0x50, 0xA4, 0xA1, 0x29, 0xB7, 0xBD, 0xB6, 0xAD, 0x50, 0x41, 0x09, 0x52, 0x42, 0x09, 0x24, 0x96,
    0xCD, 0x55, 0x9D, 0xB5, 0x4A, 0x56, 0xAA, 0xA4, 0x82, 0x89, 0x12, 0x44, 0x25, 0x24, 0x8A, 0x10,
    0x94, 0x44, 0xEA, 0xEF, 0xDB, 0x6B, 0x60, 0x20, 0x02, 0x00, 0x10, 0x48, 0x95, 0x5B, 0xB5, 0xAA,
    0xD6, 0xA9, 0x55, 0x49, 0x55, 0x2B, 0x54, 0x52, 0xA4, 0x92, 0x94, 0x12, 0x51, 0x45, 0x22, 0xBA,
    0x9F, 0xFE, 0xEE, 0xB5, 0xA0, 0x44, 0x28, 0x01, 0x44, 0x2A, 0x48, 0xAE, 0xD6, 0xAE, 0xAD, 0x56,
    0xA2, 0x55, 0x54, 0xDA, 0x22, 0x08, 0x49, 0x24, 0x49, 0x49, 0x08, 0x22, 0x48, 0x4E, 0xD5, 0x55,
    0xB5, 0xD6, 0xA0, 0x21, 0x41, 0x28, 0x22, 0x81, 0x25, 0x2B, 0xAA, 0xB5, 0x56, 0xAC, 0x95, 0x2A,
    0x55, 0x49, 0x94, 0xA2, 0x84, 0x91, 0x24, 0x84, 0x45, 0x14, 0x25, 0x31, 0x55, 0x56, 0xAA, 0xAA,
    0xD0, 0x55, 0x2C, 0xA7, 0x59, 0x5A, 0xAA, 0xB6, 0xDA, 0xDA, 0xAB, 0x56, 0x48, 0x91, 0x22, 0x52,
    0x49, 0x08, 0x29, 0x24, 0x91, 0x29, 0x20, 0x81, 0x40, 0x8A, 0xAB, 0x6A, 0xD6, 0xB6, 0xA0, 0x2A,
    0xA5, 0x54, 0xA6, 0xAA, 0xAA, 0xAF, 0x55, 0x55, 0x4B, 0xA9, 0x24, 0xAA, 0x0A, 0xA9, 0x22, 0x45,
    0x04, 0x49, 0x24, 0x40, 0x94, 0x54, 0x15, 0x20, 0xB5, 0xAD, 0x5B, 0x5A, 0xD0, 0xA9, 0x55, 0x55,
    0x5A, 0xAA, 0xAA, 0xDB, 0xAA, 0xD5, 0x55, 0x55, 0x92, 0x11, 0x62, 0x44, 0xB4, 0x20, 0xA2, 0x24,
    0x42, 0x15, 0x02, 0x01, 0x44, 0x4A, 0x5A, 0xB5, 0xAA, 0xD5, 0x60, 0x25, 0x2A, 0xAB, 0x6A, 0xD6,
    0xDB, 0x6D, 0xD5, 0x6D, 0x22, 0xD5, 0x48, 0xA5, 0x29, 0x22, 0x89, 0x0A, 0x11, 0x11, 0x11, 0x40,
    0x51, 0x54, 0x21, 0x10, 0xAD, 0x56, 0xD6, 0xAE, 0xA0, 0x55, 0x55, 0x55, 0x56, 0xBB, 0x6D, 0x5B,
    0x4A, 0x82, 0xD5, 0x6A, 0x82, 0x04, 0x84, 0x90, 0x24, 0xA0, 0x44, 0x44, 0x44, 0x15, 0x04, 0x01,
    0x08, 0x45, 0xB5, 0xAA, 0xB5, 0x73, 0x50, 0x20, 0x00, 0x05, 0x6A, 0xCA, 0xAB, 0xB7, 0xA9, 0x54,
    0x22, 0x51, 0x54, 0xA8, 0x2A, 0x4A, 0x8A, 0x09, 0x11, 0x11, 0x11, 0x40, 0x21, 0x24, 0x45, 0x10,
    0xAA, 0xB5, 0x56, 0xAD, 0x60, 0x40, 0x82, 0x27, 0xBD, 0xB6, 0xDA, 0xDD, 0xEA, 0xAB, 0xAD, 0x4D,
    0x55, 0x57, 0xAA, 0xAA, 0xB2, 0xEA, 0xAA, 0xAA, 0xAA, 0x55, 0x94, 0x92, 0x90, 0x8A, 0xAD, 0xAE,
    0xDB, 0xB5, 0xA0, 0x44, 0x10, 0x02, 0xD7, 0x7D, 0xBF, 0x6E, 0xB6, 0xDA, 0xB5, 0x75, 0x5B, 0x69,
    0x55, 0x6A, 0xD5, 0x55, 0x55, 0x55, 0x55, 0xAA, 0x6A, 0xAA, 0x56, 0xA9, 0x00, 0x00, 0x00, 0x02,
    0x00, 0x00, 0x41, 0x07, 0x7B, 0xD7, 0xEA, 0xF7, 0xDB, 0x6D, 0x56, 0xAE, 0xED, 0xAE, 0xED, 0xAD,
    0x5B, 0x56, 0xDA, 0xAA, 0xAA, 0xAD, 0xAB, 0x55, 0xAA, 0xAD, 0x00, 0x00, 0x00, 0x00, 0x00, 0x41,
    0x04, 0x22, 0xDD, 0x7D, 0x7F, 0xBA, 0xEA, 0xAB, 0xBB, 0xB5, 0x55, 0x75, 0x56, 0xD7, 0x6D, 0xBB,
    0x6B, 0x76, 0xDB, 0x55, 0x55, 0x6D, 0x5A, 0xD5, 0x00, 0x00, 0x00, 0x00, 0x00, 0x28, 0x00, 0x07,
    0x6F, 0xD7, 0xAA, 0xEF, 0x5D, 0xB5, 0x55, 0x57, 0x6E, 0xAF, 0x7B, 0x7A, 0xB6, 0xD5, 0x55, 0xAB,
    0x6D, 0x6D, 0xBA, 0xAA, 0xAB, 0x55, 0x00, 0x00, 0x00, 0x00, 0x00, 0x40, 0x20, 0x82, 0xF5, 0x7D,
    0xFF, 0xBB, 0xF6, 0xDE, 0xEE, 0xFA, 0xDB, 0xD5, 0xAA, 0xAB, 0xAA, 0xAD, 0xBD, 0x5A, 0xAA, 0xB5,
    0x56, 0xD6, 0xD5, 0x5A, 0x4A, 0xAA, 0xAA, 0x94, 0xAA, 0x81, 0x04, 0x13, 0xAF, 0xAE, 0xAA, 0xEE,
    0xBB, 0xF7, 0xBB, 0xAF, 0xF6, 0xFE, 0xFF, 0xDD, 0x7D, 0xF6, 0xD6, 0xED, 0xB6, 0xD6, 0xD5, 0x6B,
    0x6D, 0xAD, 0x24, 0x11, 0x11, 0x49, 0x11, 0x48, 0x00, 0x45, 0x7A, 0xF7, 0xFF, 0xBB, 0xEF, 0x5D,
    0xFF, 0xFB, 0x5F, 0x6B, 0xD6, 0xF7, 0xEF, 0x5F, 0xFB, 0xBB, 0xFF, 0xFD, 0xFF, 0xBE, 0xFF, 0xFF,
    0x92, 0xCA, 0xAA, 0x24, 0xAA, 0xA0, 0x49, 0x03, 0xD7, 0xBA, 0xAA, 0xEE, 0xDD, 0xFF, 0x55, 0x6F,
    0xFB, 0xFF, 0x7F, 0xBE, 0xFB, 0xFB, 0x5F, 0xEF, 0x55, 0x5F, 0x5B, 0xF7, 0xAA, 0xB5, 0x55, 0x29,
    0x25, 0x55, 0x4A, 0x42, 0x00, 0x05, 0x7D, 0xDF, 0xFF, 0xBF, 0xBB, 0xB5, 0xFF, 0xFD, 0x6E, 0xB7,
    0xED, 0xEF, 0xAF, 0x6F, 0xF6, 0xBD, 0xFF, 0xF7, 0xFE, 0xBD, 0xFF, 0xFF, 0x52, 0xA5, 0x55, 0x4A,
    0xAA, 0xA0, 0x10, 0x13, 0xAE, 0xEA, 0xAA, 0xEA, 0xEE, 0xFF, 0x6D, 0xAF, 0xFF, 0xFD, 0xBF, 0x7A,
    0xFD, 0xFD, 0x7F, 0xF7, 0xB6, 0xDD, 0x6B, 0xEF, 0x6D, 0xAB, 0x4A, 0x55, 0x52, 0xA9, 0x55, 0x41,
    0x01, 0x05, 0x75, 0xBF, 0xFF, 0xBF, 0xBF, 0xAB, 0xFF, 0xFB, 0x55, 0xAF, 0xF5, 0xDF, 0xDF, 0xB7,
    0xD5, 0xBE, 0xFF, 0xFF, 0xFF, 0x7B, 0xFF, 0xFE, 0xAA, 0xAA, 0xAA, 0x55, 0x2A, 0xA0, 0x04, 0x03,
    0xDF, 0x6A, 0xAA, 0xED, 0xF5, 0xFE, 0xB5, 0x6F, 0xFF, 0xFA, 0xDF, 0xF7, 0x75, 0xFE, 0xFF, 0xEF,
    0xDB, 0x6B, 0x5B, 0xDE, 0xAA, 0xDB, 0x55, 0x55, 0x55, 0x55, 0x55, 0x44, 0x40, 0x25, 0x6B, 0xBF,
    0xFF, 0xBE, 0xDF, 0x6F, 0xFF, 0xFA, 0xDD, 0xBF, 0xFD, 0xBD, 0xFF, 0x5B, 0xDB, 0x7A, 0xF7, 0xBF,
    0xFE, 0xF7, 0xFF, 0xFF, 0xAA, 0xAA, 0xAA, 0xAA, 0xAA, 0xC0, 0x10, 0x83, 0xBD, 0xEA, 0xAA, 0xEB,
    0xF6, 0xFA, 0xD6, 0xBF, 0xF7, 0xED, 0xAF, 0xEF, 0xB7, 0xFF, 0x7F, 0xDF, 0xBD, 0xF5, 0x6B, 0xBD,
    0xB6, 0xAB, 0x55, 0x55, 0x55, 0x55, 0xB5, 0x49, 0x02, 0x05, 0x6E, 0xBF, 0xFF, 0xBE, 0xBF, 0xAF,
    0xFF, 0xED, 0xBD, 0x7F, 0xFB, 0x7D, 0xFD, 0xB5, 0xED, 0x76, 0xEF, 0x5F, 0xDE, 0xEF, 0xFF, 0xFE,
    0xAA, 0xDA, 0xAA, 0xDA, 0xAB, 0x40, 0x08, 0x03, 0xDB, 0xD5, 0x55, 0xEF, 0xEA, 0xFB, 0x5A, 0xF7,
    0xEF, 0xD6, 0xDF, 0xDF, 0x5F, 0xFF, 0xBF, 0xFF, 0xFB, 0xFB, 0x7B, 0xFA, 0xAA, 0xD7, 0x55, 0x55,
    0x55, 0x55, 0x55, 0xA0, 0xA0, 0x4A, 0xED, 0x7F, 0xFE, 0xBA, 0xBF, 0xDF, 0xF7, 0xBE, 0xBB, 0x7F,
    0x7A, 0xF5, 0xF5, 0x5B, 0xF5, 0xAA, 0xAE, 0xDF, 0xEF, 0x5F, 0xFF, 0xBD, 0xAA, 0xAA, 0xDA, 0xAB,
    0x56, 0xA4, 0x01, 0x03, 0x77, 0xAA, 0xAB, 0xEF, 0xED, 0x75, 0x5E, 0xED, 0xFF, 0xF5, 0xEF, 0xBF,
    0xDF, 0xFE, 0xBF, 0xFF, 0xFF, 0xB5, 0x7D, 0xF5, 0xB6, 0xF7, 0x56, 0xAB, 0x55, 0xB5, 0x6A, 0xC0,
    0x00, 0x05, 0xAD, 0xFF, 0xFE, 0xFA, 0xFB, 0xDF, 0xFB, 0xFF, 0xAD, 0xBF, 0xBE, 0xF6, 0xFB, 0xB7,
    0xED, 0x6D, 0xB5, 0xFF, 0xD7, 0xBF, 0xDF, 0xBD, 0xAA, 0xD5, 0x55, 0x55, 0x55, 0x41, 0x10, 0x23,
    0x7E, 0xAA, 0xAB, 0xAF, 0xAF, 0x7B, 0x6F, 0x56, 0xFE, 0xED, 0xF7, 0xDF, 0xBE, 0xFD, 0xBF, 0xFF,
    0xFF, 0x5B, 0x7D, 0xED, 0x75, 0xEF, 0x5A, 0xAA, 0xAA, 0xAD, 0xAE, 0xA4, 0x02, 0x05, 0xD5, 0xFF,
    0xFE, 0xFB, 0x7B, 0xEF, 0xFD, 0xFF, 0xDB, 0xFF, 0x7D, 0xFB, 0xEB, 0xD7, 0xF5, 0xAA, 0xD6, 0xFE,
    0xEF, 0x77, 0xFF, 0x75, 0xAA, 0xAD, 0x56, 0xD5, 0x55, 0xC0, 0x48, 0x03, 0x7F, 0x55, 0x57, 0xAE,
    0xEE, 0xBD, 0x57, 0xB5, 0x7F, 0x57, 0xDF, 0x6E, 0xBF, 0x7E, 0xBF, 0xFF, 0xFF, 0xD7, 0xBB, 0xBD,
    0xAB, 0xBF, 0xB5, 0xB5, 0xBA, 0xB6, 0xB5, 0x48, 0x00, 0x93, 0xAA, 0xFF, 0xFA, 0xFB, 0xBB, 0xEF,
    0xFE, 0xFF, 0xEB, 0xFD, 0xF5, 0xFB, 0xF7, 0xED, 0xED, 0x6E, 0xB5, 0xFD, 0xEE, 0xEF, 0xFE, 0xED,
    0xD6, 0xD6, 0xD5, 0xAB, 0x6D, 0x61, 0x20, 0x05, 0x7F, 0xAA, 0xAF, 0xAF, 0xEF, 0x7A, 0xDB, 0xD6,
    0xFE, 0xDE, 0xBF, 0xAF, 0x7D, 0x7F, 0xBF, 0xFB, 0xFF, 0x5F, 0x7F, 0xBA, 0xAB, 0xBB, 0x5B, 0x5B,
    0x5B, 0x75, 0xB7, 0xA0, 0x02, 0x03, 0xAA, 0xFF, 0xF6, 0xFA, 0xBD, 0xDF, 0xFE, 0xFF, 0xAF, 0xF7,
    0xED, 0xFD, 0xD7, 0xD6, 0xF6, 0xAF, 0x56, 0xF5, 0xDA, 0xFF, 0xFE, 0xEF, 0xED, 0x6D, 0xAD, 0xAE,
    0xDA, 0xA0, 0x08, 0x45, 0x7D, 0xAA, 0xBB, 0xBF, 0xF7, 0x75, 0x57, 0xB5, 0xFA, 0xBD, 0xBF, 0x6F,
    0xFE, 0xFF, 0xDF, 0xFD, 0xFF, 0xDF, 0x7F, 0xD5, 0xB7, 0xBD, 0x56, 0xD6, 0xF6, 0xDB, 0x6D, 0xC4,
    0xA0, 0x03, 0xD7, 0xFF, 0xDE, 0xEA, 0xDD, 0xDF, 0xFD, 0xEF, 0x6F, 0xEF, 0xEB, 0xFA, 0xB7, 0xB5,
    0x7A, 0xDF, 0x6B, 0x7B, 0xEB, 0x7F, 0x7A, 0xF7, 0xBB, 0x7B, 0x5B, 0x6D, 0xB6, 0xA0, 0x01, 0x12,
    0xBA, 0xAA, 0xB7, 0xBF, 0xB7, 0xFB, 0x6F, 0x7D, 0xFB, 0x7A, 0xFE, 0xAF, 0xFD, 0xFF, 0xEF, 0xF5,
    0xFF, 0xDE, 0xDE, 0xED, 0xDF, 0xDD, 0xD5, 0xAD, 0x6D, 0xB6, 0xDB, 0x62, 0x04, 0x03, 0xEF, 0x7D,
    0xFA, 0xEA, 0xFE, 0xAF, 0xFB, 0xB7, 0xAF, 0xDF, 0xAF, 0xFD, 0xAF, 0x56, 0xDD, 0xBF, 0xB5, 0x77,
    0xFB, 0xBB, 0xEB, 0x77, 0x6E, 0xD5, 0xAA, 0xDB, 0x6D, 0xA0, 0x40, 0x25, 0x5B, 0xD7, 0x5F, 0xBF,
    0xD7, 0xFA, 0xAE, 0xFD, 0xFD, 0x76, 0xFA, 0xDB, 0xFB, 0xFF, 0xF7, 0xED, 0xEF, 0xFD, 0x5F, 0xEE,
    0xBE, 0xDD, 0xB5, 0x6E, 0xDF, 0x6D, 0xB6, 0xC4, 0x11, 0x03, 0xED, 0x7B, 0xEA, 0xED, 0x7D, 0x6F,
    0xFB, 0xD7, 0x6F, 0xFF, 0xBF, 0xFE, 0xDE, 0xDA, 0xBE, 0xBF, 0x7D, 0xAF, 0xF5, 0x7B, 0xED, 0xF7,
    0xD6, 0xB5, 0x69, 0xB6, 0xDB, 0x60, 0x00, 0x05, 0x5F, 0xAE, 0xBF, 0xBB, 0xDB, 0xDD, 0xBE, 0xFF,
    0xBB, 0x55, 0xEB, 0x57, 0xF7, 0xBF, 0xED, 0xEB, 0xB7, 0xFB, 0x6F, 0xDF, 0x7B, 0xBD, 0x5B, 0xDB,
    0xB6, 0xDB, 0x6D, 0xA1, 0x04, 0x43, 0x75, 0x77, 0xEA, 0xEF, 0x7F, 0x77, 0xD7, 0xAA, 0xFD, 0xFF,
    0x7F, 0xFD, 0x5D, 0xEB, 0x7F, 0xBE, 0xFD, 0x5D, 0xFD, 0x75, 0xDE, 0xEF, 0xED, 0x56, 0xDB, 0x6D,
    0xB6, 0xC4, 0x20, 0x05, 0xBB, 0xDA, 0xBF, 0xBB, 0xD5, 0xFD, 0x7D, 0xFF, 0xD7, 0xB7, 0xDA, 0xB7,
    0xF7, 0x7F, 0xD5, 0xF7, 0xAF, 0xF7, 0x57, 0xDF, 0x77, 0xB5, 0x56, 0xED, 0x6D, 0xB6, 0xDB, 0x60,
    0x01, 0x12, 0xD6, 0xBF, 0xEA, 0xEE, 0xFF, 0x57, 0xEF, 0x6D, 0xBE, 0xFD, 0x7F, 0xFE, 0xDF, 0xDA,
    0xFF, 0x5D, 0xFB, 0x6F, 0xFD, 0xF6, 0xDD, 0xFF, 0xBB, 0x5B, 0xB6, 0xDB, 0x6D, 0xA0, 0x88, 0x03,
    0xBF, 0xEA, 0xBF, 0xBB, 0xAD, 0xFE, 0xDB, 0xBF, 0xF7, 0xAF, 0xD6, 0xD7, 0xFA, 0xFF, 0xB7, 0xFF,
    0x6E, 0xFA, 0xB7, 0x5D, 0xF6, 0xAA, 0xD5, 0x6D, 0x5B, 0x6D, 0xB6, 0xE2, 0x00, 0x42, 0xEA, 0xBF,
    0xD5, 0xEE, 0xFB, 0xB7, 0xFE, 0xF5, 0x5D, 0xFB, 0x7F, 0xBD, 0x6F, 0xAB, 0x7D, 0x6B, 0xDB, 0xAF,
    0xEE, 0xF7, 0x5F, 0xFF, 0x6E, 0xB6, 0xED, 0xAA, 0xDB, 0x40, 0x02, 0x05, 0xBD, 0xD5, 0x7E, 0xBB,
    0xAE, 0xFD, 0x57, 0xBF, 0xF7, 0x6F, 0xEA, 0xF7, 0xFB, 0x7F, 0xD7, 0xDE, 0xFF, 0xFD, 0xBB, 0xDD,
    0xF5, 0x55, 0xB5, 0xDB, 0x56, 0xB7, 0x6D, 0xE4, 0x20, 0x13, 0x6B, 0x7F, 0xB7, 0xEE, 0xFB, 0xAF,
    0xFD, 0xEB, 0x7D, 0xFA, 0xBF, 0xDE, 0xAF, 0xED, 0x7D, 0xBB, 0xAD, 0x57, 0x7E, 0xF7, 0xBF, 0xFF,
    0xAD, 0x6A, 0xEB, 0x6D, 0xB6, 0xA0, 0x08, 0x83, 0xBE, 0xD5, 0x6D, 0x7B, 0xBE, 0xF5, 0x6F, 0x7E,
    0xD7, 0xAF, 0xF6, 0xFB, 0xFD, 0x7F, 0xEF, 0xEE, 0xFB, 0xFD, 0xD7, 0x5D, 0xD5, 0x55, 0xD6, 0xB7,
    0x5D, 0xB5, 0x5B, 0x61, 0x00, 0x02, 0xD5, 0xFB, 0xFB, 0xAE, 0xEB, 0xDF, 0xF5, 0xD7, 0xFE, 0xFD,
    0xBF, 0xAF, 0x6F, 0xD5, 0xBA, 0xBF, 0xBF, 0x6F, 0x7D, 0xF7, 0x7F, 0xFF, 0x7B, 0xAD, 0xAA, 0xDB,
    0xED, 0xA0, 0x20, 0x13, 0x7F, 0x56, 0xAE, 0xFB, 0xBE, 0xF6, 0xBF, 0x7D, 0x5B, 0xB7, 0xEA, 0xFD,
    0xFB, 0x7F, 0xEF, 0xF5, 0xEB, 0xDB, 0xD7, 0x5D, 0xD5, 0x55, 0xAA, 0xD6, 0xF7, 0x56, 0xB6, 0xE9,
    0x0A, 0x85, 0xD5, 0xDF, 0xF7, 0xAE, 0xEB, 0xBD, 0xED, 0xDB, 0xF6, 0xFD, 0x7F, 0xD7, 0x5E, 0xED,
    0x7D, 0xBF, 0x7E, 0xFE, 0xFD, 0xF7, 0x7F, 0xFF, 0xAD, 0x7A, 0x9A, 0xDA, 0xDB, 0x56, 0xEA, 0xF7,
    0x7B, 0x75, 0x5D, 0xFB, 0xBE, 0xEF, 0xBB, 0xF7, 0x6F, 0xD7, 0xDB, 0x7D, 0xF7, 0xBF, 0xD7, 0xD5,
    0xD7, 0x57, 0x6F, 0x5D, 0xD5, 0x55, 0xD7, 0x4D, 0xEB, 0x6D, 0xAD, 0xEA, 0x95, 0x2A, 0xD6, 0xDE,
    0xEE, 0xAE, 0xEF, 0xBA, 0xEE, 0xBD, 0xFB, 0x7E, 0xF7, 0xDF, 0xBD, 0xF5, 0x7D, 0x7F, 0x7D, 0xFD,
    0xDB, 0xF7, 0x7F, 0xFF, 0x7A, 0xF6, 0xAD, 0xB6, 0xF6, 0xB5, 0x6D, 0xDD, 0xBD, 0xB5, 0xB7, 0xFB,
    0xBA, 0xEF, 0xBB, 0xD7, 0x5E, 0xDB, 0xBD, 0x75, 0xEF, 0x5F, 0xEF, 0xDB, 0xD7, 0x6F, 0x7D, 0x5D,
    0xD5, 0x55, 0xAB, 0x55, 0x76, 0xAB, 0x5B, 0x5B, 0x56, 0x57, 0x6B, 0xEF, 0x7A, 0xAE, 0xEF, 0xBA,
    0xEF, 0x7F, 0xF7, 0xF6, 0xEF, 0xDF, 0x7B, 0xFB, 0x7A, 0xFE, 0xFD, 0xF5, 0xD7, 0xF7, 0x7F, 0xFE,
    0xAD, 0x5B, 0xAA, 0xDD, 0xAD, 0xED, 0xBB, 0xEA, 0xFE, 0xBB, 0xDF, 0xF7, 0xBA, 0xEF, 0xBD, 0xDA,
    0xBA, 0xBF, 0xBB, 0x7B, 0xDD, 0xAF, 0xDF, 0xAB, 0xB7, 0x5F, 0x7D, 0x5D, 0xD5, 0x57, 0xDB, 0xAD,
    0x5B, 0x6A, 0xF6, 0xB6, 0xD5, 0x5F, 0xAB, 0xD6, 0xB5, 0x5A, 0xEF, 0xBB, 0xEF, 0x77, 0xEF, 0xEB,
    0xEF, 0xEE, 0xEF, 0x7A, 0xEB, 0x7E, 0xEF, 0xF6, 0xEF, 0xF7, 0x7F, 0xFA, 0x6D, 0x76, 0xED, 0xB7,
    0x5B, 0xDB, 0x7F, 0x75, 0x76, 0xBD, 0xEF, 0xBF, 0x7A, 0xEE, 0xBB, 0xDD, 0xBB, 0x7E, 0xBA, 0xBB,
    0xBB, 0xEF, 0xBE, 0xEF, 0xBA, 0xBD, 0xBA, 0xBD, 0xD5, 0x5F, 0xB5, 0xAB, 0x56, 0xDA, 0xD6, 0xAD,
    0xAA, 0xDB, 0xBB, 0xEB, 0x7A, 0xEB, 0xAF, 0xBB, 0xED, 0x77, 0x6F, 0xAB, 0xEF, 0xEE, 0xEE, 0xBD,
    0xED, 0xF5, 0xEF, 0xEF, 0xEF, 0xD7, 0x7F, 0xEA, 0xDA, 0xDD, 0xBB, 0x57, 0x6D, 0x76, 0xED, 0xAE,
    0xD6, 0xBE, 0xD7, 0x7D, 0xFA, 0xEE, 0xBF, 0xDD, 0xFA, 0xFE, 0xFD, 0xBF, 0xBF, 0xEE, 0xBF, 0x5F,
    0x7B, 0x75, 0x7A, 0xFB, 0xAA, 0xBF, 0x6F, 0x6A, 0xD5, 0xBA, 0xB7, 0xAD, 0xB6, 0xF5, 0xFD, 0xD5,
    0xBD, 0xAB, 0x5F, 0xBB, 0xEA, 0xF7, 0x5F, 0xB7, 0xAE, 0xF5, 0xF5, 0x7B, 0xEB, 0xF6, 0xDE, 0xDF,
    0xDF, 0x5D, 0xFF, 0xD5, 0xAA, 0xB7, 0x6E, 0xD6, 0xDA, 0xF6, 0xDB, 0x5E, 0xAB, 0x7F, 0x6B, 0xF6,
    0xEA, 0xEF, 0x7F, 0x5D, 0xF5, 0xED, 0xF7, 0xBF, 0x5F, 0xDE, 0xB5, 0x5B, 0x6B, 0xF6, 0xEB, 0xEE,
    0xAA, 0xFE, 0xDB, 0x5A, 0xB5, 0x6D, 0xB6, 0xAD, 0xB6, 0xEB, 0xDE, 0xD5, 0xDE, 0xAF, 0xBF, 0x7B,
    0xAB, 0xF6, 0xDF, 0x7E, 0xBD, 0xEB, 0xF6, 0xE9, 0x5A, 0xAA, 0xAD, 0x5B, 0xBD, 0x77, 0xFF, 0x55,
    0x6D, 0xED, 0xDB, 0xB6, 0xDB, 0xB6, 0xDB, 0x5D, 0x6B, 0xBB, 0x77, 0x7A, 0xEB, 0xAE, 0xFD, 0x5F,
    0x75, 0xAB, 0xEE, 0xBE, 0xBA, 0xAE, 0xEF, 0xF5, 0xB6, 0xAD, 0x6F, 0xBA, 0xAB, 0xEF, 0xB6, 0xB6,
    0xAD, 0x5B, 0x6D, 0x6D, 0xB6, 0xF7, 0xBD, 0xD6, 0xDA, 0xD7, 0x7D, 0xFB, 0xAF, 0xEB, 0xDF, 0xFE,
    0xDB, 0xEB, 0xEA, 0xB5, 0x50, 0x15, 0x5B, 0xB5, 0xBA, 0xDF, 0xFD, 0x5A, 0xDB, 0x5B, 0x76, 0xED,
    0xB6, 0xDB, 0x6D, 0xAD, 0x6E, 0xBD, 0xBF, 0xBD, 0xAE, 0xAE, 0xFA, 0xBD, 0x75, 0x6F, 0xBE, 0xDE,
    0x95, 0xD5, 0x4A, 0xC8, 0x44, 0xAA, 0xD7, 0xB5, 0x57, 0xFF, 0x6D, 0xAD, 0xAB, 0x56, 0xDB, 0x6D,
    0xBB, 0x76, 0xDB, 0xEF, 0x6A, 0xEE, 0xF7, 0xFB, 0xAF, 0xEF, 0xDF, 0xDA, 0xEB, 0xBB, 0x55, 0x2A,
    0x2A, 0x55, 0x29, 0x57, 0x6A, 0xEF, 0xFA, 0xAA, 0xB5, 0x75, 0x7A, 0xFB, 0x6D, 0xB6, 0xEE, 0xDB,
    0xB6, 0xB5, 0xDD, 0xB7, 0xBA, 0xAE, 0xFA, 0xB5, 0x76, 0xFF, 0xBE, 0xF5, 0x54, 0xA1, 0xAB, 0x51,
    0x44, 0x12, 0xAD, 0x3A, 0xAF, 0xDF, 0xDB, 0xAE, 0xD7, 0x4D, 0xB6, 0xDB, 0xB5, 0xB6, 0xED, 0xDE,
    0xF7, 0x7A, 0xDF, 0xF7, 0x6F, 0xDF, 0xDD, 0xAA, 0xF7, 0xDA, 0xD2, 0x1A, 0xAD, 0x4A, 0xAB, 0x4A,
    0xB5, 0xD7, 0xDA, 0xB5, 0x6D, 0x75, 0xAA, 0xB6, 0xDB, 0x6E, 0xDE, 0xED, 0xBB, 0x6B, 0x5B, 0xDF,
    0x75, 0x5D, 0xDA, 0xF5, 0x77, 0xFF, 0xBD, 0x57, 0x49, 0x56, 0xD5, 0x95, 0x51, 0xA9, 0x16, 0xAD,
    0x7F, 0xFE, 0xB6, 0xAB, 0x7D, 0xDB, 0x6D, 0xB5, 0x6B, 0xBB, 0x6E, 0xFD, 0xED, 0x6B, 0xDF, 0xF7,
    0x7F, 0x5F, 0xDD, 0x5A, 0xEF, 0xAD, 0x56, 0xD5, 0x2C, 0xAB, 0xAA, 0xB6, 0xA2, 0xDB, 0xD5, 0x55,
    0xD5, 0xDD, 0xAB, 0x6D, 0xB6, 0xDF, 0xB5, 0x6E, 0xDB, 0xAB, 0x5F, 0xBD, 0x75, 0x5B, 0xD5, 0xF5,
    0x77, 0xF7, 0xBA, 0xB5, 0x5C, 0x55, 0x56, 0x54, 0xB4, 0xAA, 0xAA, 0xB6, 0xBF, 0xEF, 0x5B, 0x6A,
    0xDA, 0xB6, 0xDB, 0x6A, 0xDF, 0xB7, 0xBD, 0x7E, 0xF5, 0xEF, 0xDF, 0xEE, 0xFF, 0x5F, 0xDD, 0xBD,
    0xED, 0x5A, 0xAB, 0x55, 0x6A, 0xAE, 0xD6, 0xAD, 0x51, 0x5A, 0xB5, 0x5A, 0xED, 0xB7, 0x6F, 0xDB,
    0x6D, 0xBB, 0x68, 0xA9, 0x6B, 0xD5, 0xBE, 0xB5, 0x6A, 0xBB, 0x55, 0xF5, 0x77, 0xD7, 0x7A, 0xA9,
    0x74, 0xB5, 0x5A, 0x55, 0x54, 0x6A, 0xDC, 0x55, 0x5E, 0xFF, 0x56, 0xDA, 0xB4, 0xAD, 0xB6, 0xD5,
    0x56, 0xA5, 0x56, 0xBF, 0x6B, 0xDF, 0xBF, 0xEE, 0xFF, 0x5F, 0xDD, 0x7D, 0xD7, 0x65, 0x56, 0xAA,
    0xA9, 0x55, 0xB5, 0x95, 0x53, 0x2A, 0xEB, 0xAA, 0xBB, 0x57, 0xDB, 0x76, 0xAB, 0x55, 0xAA, 0xB5,
    0x6A, 0xCA, 0xED, 0x75, 0xEA, 0xBB, 0xAB, 0xF5, 0x77, 0xDF, 0x75, 0xAB, 0xBA, 0x55, 0x52, 0xDA,
    0x96, 0x95, 0x5A, 0x8D, 0x56, 0xF7, 0xD5, 0xBA, 0xAD, 0xAB, 0x7A, 0xDE, 0xB7, 0x4A, 0xB5, 0x52,
    0xBF, 0xBE, 0xBF, 0xDD, 0xFD, 0x5F, 0xDD, 0x75, 0xDA, 0xAE, 0xCA, 0xAB, 0x4D, 0x55, 0x75, 0x5E,
    0xAB, 0x53, 0x55, 0xAD, 0x5A, 0xD6, 0xF6, 0xDD, 0xA5, 0x6A, 0xA8, 0xA1, 0x55, 0xAA, 0x85, 0x6B,
    0xD5, 0x6E, 0xAF, 0xF5, 0x77, 0xDF, 0x55, 0x4A, 0xBA, 0xAA, 0xA5, 0x56, 0x95, 0xA2, 0xD4, 0x8A,
    0xAB, 0x76, 0xAF, 0x6D, 0x5B, 0x6A, 0xAD, 0x55, 0x12, 0x08, 0x08, 0x56, 0xA9, 0xDD, 0x7F, 0xBB,
    0xF5, 0x5F, 0xDD, 0xB5, 0xDA, 0xB6, 0xAA, 0x5B, 0x1D, 0x52, 0xD6, 0x9B, 0x2B, 0x35, 0x55, 0xAD,
    0xD5, 0x5B, 0xAD, 0xBA, 0xB2, 0xA8, 0xA5, 0x6A, 0xD2, 0x92, 0xAB, 0x37, 0xD5, 0xEE, 0xBF, 0xF5,
    0x77, 0x7F, 0x55, 0x2A, 0xED, 0x54, 0x65, 0x6D, 0x55, 0x64, 0xD5, 0x49, 0xAA, 0xF7, 0x75, 0xB6,
    0xF5, 0x6B, 0x4D, 0x04, 0xAA, 0xA4, 0x2A, 0xA0, 0x95, 0x55, 0x7E, 0xB7, 0xD5, 0x5F, 0xDD, 0xD5,
    0xB6, 0xAB, 0x54, 0xAA, 0x9D, 0x55, 0xB5, 0x53, 0x55, 0x2C, 0xB6, 0xAD, 0xAE, 0xDA, 0xAE, 0xD5,
    0x68, 0x2B, 0x55, 0x5A, 0xAD, 0x15, 0x16, 0xAB, 0xAB, 0x7A, 0xBF, 0xEA, 0xF7, 0x7F, 0x54, 0x9A,
    0xAA, 0xAA, 0xD2, 0xAD, 0x55, 0x59, 0x5A, 0x95, 0x55, 0x7B, 0xAA, 0xB7, 0x55, 0xAA, 0xA5, 0x54,
    0xAB, 0x54, 0x52, 0xEA, 0x42, 0xA4, 0xF6, 0xDF, 0x6A, 0xBF, 0x5D, 0xD5, 0x6A, 0xA5, 0xB5, 0x29,
    0x55, 0xAA, 0xAD, 0xAA, 0xA4, 0x55, 0x5A, 0xD6, 0xB5, 0xDA, 0xF6, 0xAA, 0xA0, 0x0B, 0x5A, 0xB5,
    0x37, 0x2B, 0xA8, 0xAA, 0x9D, 0xEA, 0xFF, 0xDB, 0xF7, 0x7F, 0x55, 0x55, 0x5D, 0x55, 0x56, 0x55,
    0xAA, 0xAA, 0xB5, 0x2D, 0x55, 0x6D, 0xAD, 0x55, 0x5A, 0xB5, 0x4A, 0xC9, 0x6B, 0x48, 0x94, 0xEA,
    0x55, 0x0A, 0xEB, 0x5F, 0xAA, 0xED, 0x5D, 0xD6, 0xAC, 0xAA, 0xA4, 0x95, 0x55, 0xAA, 0xAA, 0xAA,
    0x4A, 0xAA, 0x5B, 0xBB, 0xB6, 0xDB, 0xAB, 0x56, 0xA2, 0x65, 0x2C, 0xBD, 0x35, 0x2A, 0xD4, 0xA2,
    0x97, 0xEA, 0xF7, 0x5F, 0xEE, 0xFB, 0x52, 0xB5, 0x2D, 0x49, 0x55, 0x55, 0x55, 0x6A, 0xB5, 0x15,
    0x54, 0xAD, 0xAB, 0x6D, 0x6D, 0xAA, 0x15, 0x92, 0xD3, 0x44, 0x95, 0xAA, 0x52, 0x11, 0x68, 0xBD,
    0xAD, 0xF5, 0x5B, 0x5E, 0x4A, 0xD5, 0x42, 0x2D, 0x55, 0x55, 0x5B, 0x2D, 0x14, 0xD6, 0xAA, 0xB7,
    0xAD, 0x56, 0xB5, 0x75, 0x52, 0x69, 0x2D, 0x5A, 0x54, 0xAD, 0xA9, 0x54, 0x2B, 0x57, 0x7B, 0x5E,
    0xF7, 0xEB, 0x55, 0x2A, 0xF5, 0x52, 0x55, 0x55, 0x54, 0xD5, 0x4A, 0x2A, 0x8A, 0xAD, 0x6A, 0xBB,
    0x56, 0xAD, 0x45, 0x1A, 0xB2, 0xAA, 0x96, 0xAA, 0xA7, 0xD2, 0x8D, 0x5A, 0xD6, 0xEB, 0xBD, 0x7C,
    0xA9, 0x56, 0x88, 0xAD, 0xDA, 0xAA, 0xAB, 0x55, 0x55, 0x55, 0x2A, 0xB6, 0xAD, 0xD5, 0xEA, 0xD4,
    0x54, 0xE4, 0x4D, 0x54, 0x52, 0xB5, 0x54, 0x29, 0x22, 0xAD, 0xEF, 0x7D, 0xD7, 0xAA, 0x95, 0x5A,
    0xB5, 0x24, 0x4A, 0xAA, 0xAA, 0x55, 0x55, 0x2A, 0xA8, 0xAD, 0xB5, 0x56, 0xB5, 0x6D, 0x45, 0x1B,
    0x2A, 0xAB, 0x1A, 0xC9, 0x15, 0xD4, 0xA5, 0x56, 0xBA, 0xD6, 0xBA, 0xFD, 0x24, 0xA5, 0x4C, 0xAB,
    0x55, 0xAA, 0xAB, 0x55, 0x48, 0xB5, 0x25, 0x37, 0x55, 0x5B, 0x56, 0xAA, 0xD5, 0x65, 0xA5, 0x6A,
    0x4A, 0x36, 0xAA, 0x56, 0x50, 0xA9, 0xD7, 0xBB, 0xEF, 0x54, 0x92, 0xAA, 0xB5, 0x2A, 0xAA, 0x55,
    0x54, 0xAA, 0xA5, 0x54, 0x92, 0xBA, 0xAB, 0x6D, 0x6A, 0xA9, 0x25, 0x54, 0xAB, 0x55, 0x4B, 0xC9,
    0x55, 0xA9, 0x55, 0x36, 0x7D, 0x6D, 0x5B, 0xF5, 0x49, 0x55, 0x54, 0xAA, 0xAA, 0xAA, 0xAA, 0xAA,
    0xB2, 0x52, 0x49, 0x2F, 0xB5, 0xAB, 0xAB, 0x6D, 0x4A, 0x95, 0x51, 0x52, 0x28, 0x34, 0xAA, 0xAD,
    0x14, 0x49, 0x2B, 0xDF, 0xF6, 0xB0, 0x05, 0x5A, 0xD4, 0x2A, 0x55, 0x55, 0x55, 0x55, 0x55, 0x29,
    0x2A, 0x75, 0xAD, 0x5D, 0x6D, 0xB2, 0x95, 0x56, 0xAC, 0xAD, 0x8D, 0xC9, 0x24, 0x92, 0xAD, 0x86,
    0x5E, 0xF5, 0x5D, 0xDA, 0xAA, 0x55, 0x2A, 0xAA, 0xAA, 0xAA, 0xA5, 0x55, 0x48, 0x95, 0x52, 0x5A,
    0xB6, 0xEA, 0xB5, 0x5C, 0xAA, 0xA9, 0x55, 0x52, 0x24, 0x52, 0xDA, 0xAD, 0x8A, 0xA1, 0x2B, 0x5F,
    0xEF, 0x70, 0x02, 0xAA, 0xA5, 0x2A, 0xAA, 0xA4, 0xAA, 0xAA, 0xB5, 0x45, 0x2A, 0xAF, 0xAB, 0x57,
    0xD3, 0x65, 0x45, 0x56, 0xAA, 0x2A, 0x8B, 0x4A, 0xAB, 0xB5, 0x5A, 0xAA, 0x4D, 0xEA, 0xBA, 0xDA,
    0xA9, 0x4A, 0x91, 0x55, 0x52, 0xB5, 0x55, 0x55, 0x49, 0x34, 0xAA, 0xF5, 0x54, 0xAA, 0x55, 0xB5,
    0x54, 0x92, 0xAA, 0x8A, 0x54, 0x96, 0xA8, 0x4A, 0xA5, 0x50, 0x8B, 0x7F, 0x6F, 0xF8, 0x02, 0x22,
    0x4A, 0x2A, 0xAA, 0x95, 0x55, 0x55, 0x6A, 0x55, 0x54, 0xAE, 0xAB, 0x55, 0x52, 0x96, 0x8A, 0xAA,
    0xA5, 0x63, 0x22, 0x92, 0xA6, 0xA9, 0x09, 0x2A, 0x4D, 0x41, 0xB4, 0x94, 0xA9, 0x4A, 0x95, 0x55,
    0x25, 0x55, 0x55, 0xAA, 0x94, 0xAA, 0xAA, 0xDB, 0xB5, 0x6F, 0x6A, 0xDA, 0x52, 0xA9, 0x5A, 0x54,
    0x8A, 0x54, 0xAA, 0xA6, 0xE4, 0xA8, 0x96, 0xBE, 0xAB, 0x6A, 0x04, 0x51, 0x20, 0xA4, 0x95, 0x52,
    0xAA, 0x54, 0x52, 0x49, 0x55, 0x6D, 0xDF, 0xBA, 0xDD, 0x55, 0x4D, 0x56, 0xA5, 0x51, 0x24, 0xAB,
    0x5A, 0xB5, 0x23, 0x4A, 0x0B, 0xEF, 0xFF, 0xDD, 0x52, 0x4C, 0x55, 0x2A, 0xA9, 0x2A, 0x91, 0x2A,
    0xA9, 0x54, 0xA9, 0x52, 0x20, 0xD5, 0x50, 0xAD, 0x92, 0x4A, 0xAA, 0xAC, 0x52, 0xAA, 0xA5, 0x4A,
    0xD9, 0xA9, 0x56, 0xDA, 0xD5, 0xF6, 0x00, 0x21, 0x12, 0x44, 0x44, 0xA4, 0x56, 0xAA, 0xAA, 0x52,
    0x55, 0xAD, 0x4A, 0x02, 0x25, 0x76, 0xA9, 0x50, 0x12, 0x51, 0x24, 0x90, 0x22, 0x22, 0x24, 0x28,
    0x2A, 0xAD, 0x5A, 0x5B, 0x49, 0x12, 0x49, 0x2B, 0x52, 0x92, 0xA9, 0xA5, 0x51, 0x4A, 0xAB, 0x7B,
    0xAA, 0xFA, 0xD4, 0x95, 0x49, 0x2B, 0x55, 0x25, 0x12, 0x4B, 0x54, 0x95, 0x4A, 0x92, 0x00, 0x41,
    0x25, 0x21, 0x02, 0x51, 0x24, 0xA5, 0x29, 0x4A, 0x44, 0xB4, 0xAA, 0xA9, 0x25, 0xAE, 0x5A, 0x8D,
    0x4E, 0x55, 0xAA, 0x88, 0xA9, 0xAA, 0xA5, 0x49, 0x4A, 0xA9, 0x28, 0xA9, 0x25, 0x2D, 0x48, 0x94,
    0x48, 0x24, 0x92, 0x90, 0x80, 0x25, 0x55, 0x0A, 0x50, 0x94, 0x8A, 0xAB, 0xAA, 0xD5, 0xD3, 0x2A,
    0x52, 0x53, 0x52, 0x94, 0x90, 0x54, 0x92, 0x54, 0xA2, 0x48, 0x80, 0x92, 0x92, 0x4D, 0x20, 0x80,
    0x48, 0xAE, 0xBF, 0x50, 0x2A, 0xA2, 0x8A, 0x42, 0x22, 0x50, 0x55, 0x55, 0x29, 0x4B, 0x55, 0x49,
    0x4C, 0xA5, 0x47, 0x56, 0xAB, 0x23, 0x2A, 0x2A, 0x54, 0x0A, 0x29, 0x42, 0x84, 0x2B, 0x2A, 0x34,
    0xD2, 0xDD, 0x44, 0xAA, 0x61, 0x59, 0x15, 0xAF, 0x00, 0x02, 0x44, 0x25, 0x6C, 0x2A, 0x25, 0x52,
    0x28, 0x20, 0x40, 0x88, 0x89, 0x41, 0x09, 0x55, 0x45, 0x2A, 0x00, 0x84, 0xA2, 0x1F, 0x6F, 0x6A,
    0xBA, 0x2A, 0x94, 0xA4, 0x4E, 0xB2, 0xEF, 0x79, 0x5B, 0x95, 0xA2, 0xA5, 0x52, 0x29, 0x42, 0x95,
    0x2A, 0x52, 0x44, 0x2A, 0x52, 0x48, 0x12, 0x94, 0xA4, 0x22, 0x5A, 0xA4, 0xA9, 0x54, 0xAD, 0xC5,
    0x25, 0x28, 0x85, 0xAD, 0x79, 0xC7, 0x3C, 0xE2, 0x8A, 0x99, 0x55, 0xAA, 0xA9, 0x6A, 0x85, 0x15,
    0x75, 0x31, 0x1B, 0x76, 0x95, 0x52, 0x01, 0x09, 0x20, 0x12, 0xAA, 0x25, 0x22, 0x28, 0xA2, 0x92,
    0x2A, 0xDA, 0x35, 0x7F, 0xD5, 0xAA, 0xB5, 0x44, 0xAA, 0x4A, 0x44, 0x11, 0x6A, 0xA8, 0x89, 0x44,
    0xAC, 0xD2, 0x08, 0x04, 0xD0, 0x4B, 0xDE, 0xDB, 0x6D, 0xAA, 0xAD, 0x55, 0x28, 0x48, 0x92, 0x25,
    0x9D, 0x3A, 0x6F, 0x42, 0x55, 0x55, 0x62, 0xB1, 0x25, 0xAD, 0x12, 0x45, 0x54, 0x8A, 0x45, 0xBC,
    0x6A, 0xEA, 0x15, 0x19, 0x2A, 0xAD, 0x55, 0xAC, 0xF5, 0xEE, 0xCB, 0x52, 0x15, 0xB5, 0x2F, 0xDF,
    0xB0, 0xF0, 0xAA, 0x55, 0x5A, 0x8E, 0xA0, 0x85, 0xAB, 0x35, 0x22, 0x45, 0x38, 0xE9, 0x59, 0x51,
    0x40, 0x8D, 0x92, 0xB5, 0x6D, 0x6A, 0x15, 0x05, 0x24, 0x10, 0xA5, 0x9E, 0xD1, 0xFA, 0x5E, 0x34,
    0x55, 0xAA, 0xA4, 0xB1, 0x55, 0x74, 0x88, 0x88, 0x1A, 0x51, 0x47, 0x76, 0xA2, 0xA0, 0x2A, 0x48,
    0x4A, 0xAA, 0xB6, 0xB5, 0xEA, 0xF6, 0xC2, 0xA4, 0x1A, 0xEA, 0xBC, 0xDB, 0xD7, 0xB2, 0x85, 0x6A,
    0x54, 0xAA, 0x80, 0x92, 0x2B, 0x25, 0xC5, 0x4A, 0x39, 0xDA, 0x5A, 0x00, 0x81, 0x3E, 0xB5, 0x55,
    0xAA, 0xD6, 0xAA, 0x14, 0x48, 0x92, 0xA7, 0x75, 0x5D, 0xA5, 0x5A, 0xC4, 0x25, 0x55, 0x4A, 0x4A,
    0x2A, 0x4A, 0xA4, 0x50, 0x28, 0x25, 0x54, 0xE9, 0xCD, 0xAA, 0x38, 0x09, 0x5B, 0x6A, 0xAA, 0xAA,
    0xAA, 0xD2, 0xA2, 0x48, 0x79, 0xB3, 0xF3, 0x6F, 0x37, 0x89, 0x32, 0xAA, 0xA9, 0x55, 0x41, 0x24,
    0x52, 0x8A, 0x85, 0x28, 0xAE, 0x53, 0x54, 0x40, 0x02, 0xA5, 0x55, 0xAB, 0x55, 0x55, 0x5A, 0xAA,
    0xA9, 0xA5, 0x0B, 0xDE, 0x8E, 0xE7, 0x78, 0xF4, 0x91, 0x55, 0x2A, 0xAA, 0x2C, 0xA9, 0x08, 0x42,
    0x28, 0x92, 0x59, 0xF4, 0x02, 0x14, 0x91, 0x12, 0x5E, 0xB5, 0x55, 0x55, 0x6A, 0xAA, 0xAA, 0xA8,
    0xEC, 0x7C, 0x7F, 0xF1, 0x5F, 0x9C, 0x58, 0x2A, 0xD6, 0xA4, 0xA2, 0x42, 0xAF, 0x2D, 0x45, 0x4A,
    0xA9, 0x01, 0x50, 0x86, 0x4A, 0x44, 0x22, 0xD6, 0xDA, 0xAA, 0x95, 0xA5, 0x48, 0x24, 0x4F, 0x2C,
    0xAB, 0x3F, 0x15, 0x35, 0x03, 0x0A, 0x5A, 0xB2, 0xAA, 0x3E, 0xFB, 0xC8, 0xF8, 0x20, 0x44, 0x28,
    0x04, 0x30, 0x00, 0xA1, 0x01, 0x2B, 0x6D, 0xB5, 0x55, 0x2A, 0x55, 0xAA, 0xE3, 0x9E, 0x7F, 0x17,
    0xBA, 0xAA, 0x54, 0xA1, 0xAD, 0x4A, 0x48, 0xD4, 0x6C, 0x5C, 0x8D, 0x96, 0x90, 0x85, 0x51, 0x52,
    0x44, 0x28, 0x4A, 0x15, 0x55, 0x56, 0xD5, 0x55, 0x45, 0x90, 0xBB, 0x9B, 0xED, 0xEB, 0x1F, 0x79,
    0x07, 0x12, 0x6A, 0xDB, 0x30, 0xEB, 0xFF, 0x4E, 0x7A, 0xE8, 0x02, 0x20, 0x04, 0x64, 0x10, 0x52,
    0x00, 0xA0, 0xAA, 0xDB, 0x5B, 0x5A, 0x92, 0x4A, 0xDA, 0x3F, 0x79, 0xE3, 0xE2, 0x96, 0x5C, 0x48,
    0x13, 0x6A, 0xCA, 0x1C, 0xD1, 0xC7, 0x15, 0x42, 0xA8, 0x8A, 0xA1, 0x30, 0x82, 0x18, 0x94, 0x08,
    0x2F, 0x55, 0x6A, 0xD5, 0x54, 0xA5, 0xE5, 0xF5, 0xBF, 0x7F, 0xFD, 0xFE, 0x27, 0x24, 0xA9, 0x55,
    0x50, 0xFD, 0x6C, 0x25, 0xEA, 0x10, 0x02, 0x00, 0x08, 0x55, 0x28, 0xA2, 0x01, 0x45, 0x01, 0xB5,
    0xAD, 0x5B, 0x55, 0x10, 0x67, 0xA3, 0xED, 0xEE, 0xDB, 0xDA, 0x8D, 0x52, 0x05, 0x51, 0x52, 0x55,
    0x13, 0x5A, 0xBD, 0x45, 0x50, 0x55, 0x44, 0xED, 0x01, 0x58, 0x50, 0x10, 0x52, 0x5A, 0xB5, 0x6A,
    0xAA, 0xCB, 0xCE, 0xAF, 0xC7, 0x9F, 0x24, 0x7C, 0x41, 0x88, 0x20, 0x2C, 0x94, 0xA5, 0xAA, 0x84,
    0x90, 0x90, 0x0A, 0x00, 0x22, 0x56, 0xDF, 0xE9, 0x05, 0x45, 0x00, 0x56, 0xAB, 0x56, 0xA2, 0x21,
    0x1A, 0x3A, 0xFA, 0xB1, 0xF7, 0x9E, 0x8F, 0x25, 0x15, 0x05, 0x4A, 0xB4, 0xAA, 0xB5, 0x44, 0x45,
    0x41, 0x24, 0x90, 0xDB, 0x6A, 0xA8, 0x20, 0x10, 0x49, 0x0A, 0xB5, 0xAA, 0xAD, 0x55, 0xFF, 0xED,
    0xCD, 0xEE, 0xCE, 0xCE, 0x23, 0x90, 0x82, 0x52, 0xA5, 0x56, 0xAA, 0xAA, 0xA2, 0x20, 0x28, 0x81,
    0x0A, 0x6D, 0xB6, 0xAA, 0x89, 0x05, 0x10, 0x42, 0xAA, 0x5D, 0xA9, 0x06, 0xED, 0xBE, 0x37, 0x49,
    0x29, 0xCF, 0x86, 0xA5, 0x4A, 0x21, 0x4A, 0xAA, 0xAA, 0xAA, 0x89, 0x15, 0x04, 0x28, 0x40, 0xD5,
    0x5B, 0x68, 0x20, 0x50, 0x44, 0x29, 0x6B, 0x65, 0x54, 0xA9, 0x17, 0xAF, 0xE9, 0x1F, 0xDF, 0x81,
    0x53, 0x90, 0x22, 0xA8, 0x95, 0x55, 0x5A, 0xAA, 0x20, 0x88, 0x52, 0x82, 0x15, 0x6E, 0xEA, 0xAC,
    0x85, 0x02, 0x11, 0x02, 0x35, 0xAD, 0x4A, 0x07, 0xF4, 0xC2, 0x2F, 0xE7, 0x3A, 0xFE, 0x25, 0xA5,
    0x92, 0x84, 0x45, 0x55, 0x6B, 0x69, 0x0A, 0x22, 0x00, 0x50, 0x80, 0xB5, 0xAD, 0xD4, 0x10, 0x48,
    0x84, 0x48, 0x9A, 0x5A, 0xA9, 0x56, 0x3F, 0x7D, 0xF3, 0xD6, 0xF1, 0xE7, 0x93, 0x88, 0xC8, 0x52,
    0x92, 0xAA, 0xAA, 0xA8, 0xA0, 0x91, 0x4A, 0x0A, 0x2A, 0xDA, 0xB6, 0xB4, 0x84, 0x10, 0x51, 0x02,
    0x06, 0xEB, 0x54, 0x09, 0x91, 0x9B, 0xD6, 0xB8, 0x1F, 0xAF, 0x49, 0x25, 0x52, 0x8A, 0x2A, 0xB5,
    0x55, 0x64, 0x08, 0x0A, 0x21, 0x40, 0x81, 0xAF, 0x6B, 0x54, 0x51, 0x45, 0x04, 0x50, 0xA2, 0x94,
    0xA2, 0xAF, 0xCF, 0xCD, 0x55, 0x62, 0xB4, 0x91, 0x20, 0x92, 0x44, 0xA8, 0x85, 0x55, 0xAA, 0xA2,
    0xA2, 0xA0, 0x88, 0x2A, 0x24, 0xF5, 0xBD, 0xAD, 0x04, 0x00, 0x49, 0x0A, 0x14, 0xEA, 0xA8, 0x0D,
    0xED, 0x52, 0xDF, 0xF4, 0xB7, 0xDF, 0x54, 0x89, 0xA9, 0x12, 0x52, 0xAA, 0xAD, 0x48, 0x08, 0x0A,
    0x42, 0x80, 0x83, 0xAA, 0xD5, 0x74, 0x21, 0x2A, 0x00, 0xA0, 0x81, 0x3D, 0x01, 0x2C, 0x77, 0x3F,
    0xAE, 0x1F, 0x8F, 0x38, 0xC8, 0x55, 0x24, 0xA5, 0x0A, 0xD5, 0x57, 0x45, 0x42, 0xA1, 0x28, 0x2A,
    0x2E, 0xBF, 0x6D, 0xAE, 0x08, 0x80, 0xAA, 0x14, 0x2A, 0x44, 0xA8, 0x1F, 0x8A, 0xDD, 0xBB, 0x72,
    0xF7, 0xC7, 0xE5, 0x0A, 0x52, 0x10, 0xA2, 0xAA, 0xB1, 0x10, 0x28, 0x08, 0x04, 0x81, 0x0F, 0x55,
    0xB6, 0xDB, 0x42, 0x24, 0x00, 0x81, 0x00, 0x92, 0x01, 0x40, 0xD0, 0xEB, 0x47, 0xEF, 0xE0, 0x3F,
    0xD0, 0xA1, 0x14, 0xAA, 0x12, 0xAA, 0xDD, 0x4A, 0x82, 0x45, 0x50, 0x14, 0xAF, 0x1A, 0xDB, 0x69,
    0x88, 0x81, 0x54, 0x54, 0xAA, 0x24, 0xA8, 0x1F, 0x62, 0x35, 0xCC, 0xC5, 0x67, 0xF1, 0x64, 0x1A,
    0xAA, 0x45, 0x49, 0x55, 0x55, 0x20, 0x50, 0x90, 0x0A, 0x40, 0x1D, 0x07, 0x6D, 0xA3, 0x82, 0x28,
    0x02, 0x02, 0x00, 0x90, 0x02, 0x4F, 0x9D, 0x6F, 0x9D, 0x9A, 0xCE, 0xA7, 0xEA, 0xA0, 0x91, 0x12,
    0x05, 0x2A, 0xAA, 0x15, 0x0A, 0x04, 0xA1, 0x0A, 0x9F, 0x80, 0xAA, 0x06, 0x90, 0x82, 0x90, 0xA8,
    0xAA, 0x25, 0x51, 0x17, 0x4D, 0xD3, 0xCF, 0xBF, 0x3B, 0x7F, 0x70, 0x15, 0x4A, 0xA9, 0x51, 0xAA,
    0xAA, 0xA0, 0xA0, 0xA2, 0x14, 0x20, 0x4D, 0xA0, 0x00, 0x05, 0x84, 0x08, 0x04, 0x04, 0x40, 0x89,
    0x70, 0xA8, 0x7E, 0x76, 0xE2, 0xD0, 0xF1, 0xCB, 0xCA, 0x89, 0x54, 0x82, 0x0A, 0xBB, 0x54, 0x0A,
    0x0A, 0x08, 0x81, 0x09, 0x0F, 0x80, 0x00, 0x0F, 0x91, 0x21, 0x21, 0x51, 0x14, 0x22, 0xD2, 0x1D,
    0x77, 0x3F, 0xF9, 0x17, 0xE7, 0xA7, 0x92, 0x52, 0x42, 0x51, 0x52, 0x8A, 0xAA, 0xA1, 0x50, 0x42,
    0x2A, 0x40, 0x43, 0xE4, 0x00, 0x2B, 0x00, 0x08, 0x08, 0x04, 0xA2, 0x88, 0x80, 0xA7, 0x31, 0x51,
    0xBF, 0xFF, 0xDF, 0xFD, 0xF4, 0x45, 0x2D, 0x24, 0x88, 0xD5, 0x5A, 0x4A, 0x05, 0x10, 0x01, 0x25,
    0x11, 0x50, 0x00, 0x9E, 0x15, 0x42, 0xA2, 0xA1, 0x08, 0x22, 0x01, 0x15, 0x8F, 0x9D, 0xFE, 0xEE,
    0xFD, 0xDF, 0x72, 0x90, 0x91, 0x52, 0x25, 0x55, 0x54, 0x90, 0xA8, 0x45, 0x54, 0x00, 0x40, 0xBD,
    0x4A, 0x78, 0x00, 0x10, 0x00, 0x08, 0x52, 0x88, 0x22, 0x58, 0xE5, 0xCF, 0x80, 0x3F, 0x9F, 0x1A,
    0x59, 0x14, 0xAA, 0x48, 0x92, 0x55, 0x54, 0x45, 0x02, 0x10, 0x01, 0x54, 0x08, 0x17, 0x6B, 0xE0,
    0x48, 0x84, 0x94, 0x85, 0x09, 0x22, 0x90, 0x9D, 0x7A, 0x54, 0x7B, 0x87, 0x0D, 0x3F, 0x1A, 0x4A,
    0x05, 0x24, 0x09, 0x55, 0x6A, 0x90, 0xA9, 0x42, 0x48, 0x01, 0x20, 0x01, 0x5D, 0x00, 0x02, 0x10,
    0x00, 0x20, 0x44, 0x90, 0xFA, 0x2F, 0x6F, 0x4A, 0xF7, 0xE7, 0xAB, 0xF7, 0xE8, 0xA1, 0x52, 0xA9,
    0x52, 0x55, 0x54, 0x25, 0x04, 0x08, 0x85, 0x50, 0x04, 0x00, 0x00, 0x01, 0x20, 0x42, 0xA5, 0x0A,
    0x28, 0x4A, 0x58, 0x95, 0xBA, 0xF7, 0xC5, 0x73, 0xDB, 0xFE, 0xA5, 0x14, 0x88, 0x4A, 0x04, 0xAA,
    0xAA, 0x88, 0x51, 0x42, 0x20, 0x0A, 0x41, 0x20, 0x00, 0x04, 0x09, 0x08, 0x00, 0x41, 0x42, 0x91,
    0x0C, 0x4F, 0xDF, 0xDA, 0x2A, 0x66, 0xE8, 0xD8, 0x3A, 0x4A, 0x52, 0x21, 0x52, 0x6B, 0x54, 0x52,
    0x8A, 0x28, 0x14, 0xA1, 0x10, 0x40, 0x00, 0x00, 0x80, 0x21, 0x29, 0x14, 0x11, 0x24, 0xA5, 0x26,
    0x0D, 0x41, 0xCF, 0xE3, 0xFA, 0xF7, 0xF9, 0x22, 0x89, 0x94, 0x09, 0x2A, 0xAA, 0x88, 0x51, 0x01,
    0x41, 0x08, 0x05, 0x12, 0x10, 0x90, 0x2A, 0x04, 0x02, 0x41, 0x48, 0x89, 0x7C, 0x5B, 0x56, 0x3E,
    0xBF, 0x88, 0x1F, 0xDF, 0x84, 0x95, 0x24, 0x42, 0xA4, 0xAA, 0xB5, 0x25, 0x0A, 0x54, 0x14, 0x25,
    0x40, 0x08, 0x82, 0x05, 0x00, 0x90, 0x90, 0x14, 0x04, 0x52, 0x0D, 0x0D, 0x5D, 0x6C, 0x94, 0xFF,
    0x8F, 0xBC, 0x78, 0x00, 0x8A, 0x94, 0x90, 0x55, 0x58, 0x90, 0xA1, 0x01, 0x20, 0x80, 0x29, 0x42,
    0x08, 0x10, 0x44, 0x02, 0x05, 0x41, 0x52, 0x08, 0xC2, 0x51, 0x56, 0x56, 0x79, 0x71, 0xE5, 0xF1,
    0xC5, 0x2A, 0x92, 0xA2, 0x4A, 0x95, 0x55, 0x25, 0x14, 0x54, 0x44, 0x2A, 0x80, 0x10, 0x40, 0x42,
    0x10, 0x90, 0x50, 0x10, 0x09, 0x52, 0x74, 0x24, 0xFC, 0x62, 0x5E, 0xF7, 0xE7, 0x67, 0xD8, 0x44,
    0x9A, 0xAA, 0x90, 0x55, 0x68, 0x90, 0xA2, 0x81, 0x11, 0x00, 0x24, 0x8A, 0x01, 0x00, 0x82, 0x05,
    0x02, 0x45, 0x50, 0x89, 0x3E, 0x9F, 0xC1, 0x3F, 0x19, 0xAA, 0xC6, 0xCE, 0xA2, 0x12, 0x4A, 0xAA,
    0x4A, 0x2A, 0xAD, 0x4A, 0x10, 0x28, 0x44, 0x95, 0x40, 0x21, 0x50, 0x14, 0x20, 0x40, 0x48, 0x10,
    0x05, 0x22, 0x80, 0x46, 0x16, 0xBB, 0x76, 0x92, 0xCD, 0x99, 0x10, 0x89, 0x25, 0x55, 0xA1, 0x55,
    0xD4, 0x24, 0x8A, 0x85, 0x00, 0x40, 0x15, 0x08, 0x04, 0x81, 0x09, 0x15, 0x02, 0xA5, 0x52, 0x10,
    0x72, 0x2A, 0xBB, 0xD1, 0xB7, 0xDF, 0x9F, 0x8F, 0xD4, 0x22, 0xAA, 0xAA, 0xBA, 0x15, 0x21, 0x52,
    0x50, 0x50, 0x2A, 0x15, 0x40, 0xA4, 0x80, 0x24, 0x20, 0x00, 0x50, 0x08, 0x08, 0xA5, 0x18, 0x8C,
    0x78, 0xF4, 0x9F, 0x4E, 0x3B, 0x9E, 0x22, 0xB8, 0x24, 0x55, 0x44, 0x54, 0x98, 0x88, 0x85, 0x25,
    0x01, 0x40, 0x2A, 0x02, 0x2A, 0x80, 0x84, 0xA4, 0x8A, 0xA2, 0xA2, 0x49, 0x44, 0x56, 0x6D, 0x7B,
    0x0F, 0xB8, 0xFE, 0xCF, 0xD4, 0x1F, 0x52, 0x8A, 0xA9, 0x22, 0x44, 0x25, 0x28, 0x88, 0x54, 0x12,
    0x84, 0xA8, 0x80, 0x24, 0x10, 0x01, 0x20, 0x08, 0x11, 0x12, 0x01, 0x22, 0x52, 0x2B, 0xF5, 0x47,
    0xEF, 0xC1, 0x48, 0x69, 0x08, 0x51, 0x12, 0x45, 0x22, 0x90, 0x02, 0x42, 0x01, 0x44, 0x28, 0x02,
    0x55, 0x01, 0x05, 0x28, 0x0A, 0xA2, 0xA4, 0x45, 0x54, 0x4A, 0x35, 0x14, 0xE0, 0x5F, 0xFB, 0xF8,
    0x21, 0x72, 0xA5, 0x24, 0x89, 0x20, 0x88, 0x4A, 0xA9, 0x28, 0xA4, 0x11, 0x02, 0xA8, 0x08, 0xA8,
    0x40, 0x82, 0xA0, 0x08, 0x42, 0x90, 0x81, 0x0B, 0x9F, 0x7D, 0xE7, 0xF8, 0x6D, 0x7F, 0x94, 0xE8,
    0x42, 0x4A, 0x54, 0x8A, 0x22, 0x02, 0x24, 0x02, 0x01, 0x24, 0xA9, 0x02, 0xA2, 0x02, 0x14, 0x28,
    0x0A, 0xA2, 0x94, 0x2A, 0x52, 0x2A, 0x86, 0x0E, 0x8D, 0xD1, 0xDC, 0x1D, 0xC0, 0xA5, 0x28, 0x91,
    0x02, 0x40, 0x81, 0x51, 0x41, 0x54, 0xA8, 0x40, 0x04, 0x50, 0x11, 0x50, 0x81, 0x42, 0xA0, 0x08,
    0x21, 0x44, 0x80, 0x4D, 0xF1, 0xFB, 0x9E, 0x67, 0xF6, 0x67, 0x24, 0xA0, 0x24, 0xC4, 0xA9, 0x24,
    0x29, 0x04, 0x94, 0x00, 0x02, 0x15, 0x51, 0x0A, 0x8A, 0x04, 0x24, 0x10, 0x0A, 0xA2, 0x8A, 0x11,
    0x14, 0x0D, 0x5A, 0x15, 0x7B, 0x3F, 0xBF, 0x9B, 0x93, 0xCB, 0xF0, 0xC0, 0x04, 0x91, 0xF0, 0x20,
    0x42, 0xAA, 0xA8, 0x80, 0x04, 0xA0, 0x40, 0xA1, 0x02, 0x8A, 0xA0, 0x08, 0x50, 0xA4, 0x21, 0x56,
    0xEF, 0xA0, 0xE0, 0xD6, 0xD6, 0xD3, 0x23, 0xA7, 0x86, 0x24, 0x42, 0x4C, 0x84, 0x85, 0x10, 0x10,
    0x02, 0x2A, 0x52, 0x15, 0x15, 0x14, 0x28, 0x50, 0x0A, 0xA5, 0x0A, 0x41, 0x04, 0x03, 0x41, 0x7A,
    0xC7, 0xC3, 0xE1, 0xC2, 0x82, 0x8A, 0x1D, 0x00, 0x45, 0x24, 0x00, 0x10, 0x2A, 0xA5, 0x50, 0x80,
    0x84, 0xA0, 0x40, 0x41, 0x02, 0x05, 0x40, 0x10, 0xA1, 0x14, 0xA1, 0x56, 0xB8, 0xAB, 0x9F, 0xA7,
    0x4B, 0xF2, 0x48, 0x20, 0xFC, 0x88, 0x11, 0x10, 0x10, 0x00, 0x82, 0x00, 0x08, 0x24, 0x10, 0x4A,
    0x15, 0x14, 0x51, 0x50, 0x15, 0x44, 0x14, 0x80, 0x70, 0x0D, 0xB5, 0x4E, 0xFB, 0x7E, 0xFF, 0x7E,
    0x0E, 0x9F, 0xFD, 0x21, 0x42, 0xA0, 0x83, 0xE4, 0x11, 0x55, 0x45, 0x02, 0x85, 0x11, 0x40, 0xA1,
    0x04, 0x05, 0x40, 0x22, 0x82, 0x25, 0x52, 0xA6, 0xBF, 0x95, 0xAD, 0xDA, 0xAA, 0xD5, 0x5C, 0x35,
    0x57, 0x40, 0x82, 0x40, 0x1D, 0xB0, 0x84, 0x00, 0x90, 0x50, 0x20, 0x88, 0x15, 0x08, 0x41, 0x51,
    0x25, 0x14, 0x54, 0x08, 0xB0, 0x09, 0xA9, 0x69, 0xFF, 0x5D, 0xFF, 0x7C, 0x12, 0xDB, 0xB5, 0x0A,
    0x02, 0x92, 0xF6, 0xD0, 0x21, 0x55, 0x22, 0x05, 0x14, 0x45, 0x40, 0x45, 0x14, 0x08, 0x88, 0x81,
    0x21, 0x43, 0x52, 0x40, 0xD8, 0x34, 0x34, 0x17, 0x05, 0xC5, 0x34, 0x5E, 0xDB, 0xA0, 0x29, 0x0F,
    0xAD, 0xA9, 0x08, 0x04, 0x08, 0x90, 0x81, 0x10, 0x12, 0x28, 0x41, 0x44, 0x22, 0x2A, 0x44, 0x12,
    0xE8, 0x16, 0x4C, 0xBD, 0x1D, 0x7A, 0x1E, 0x18, 0x80, 0x03, 0x70, 0x11, 0x02, 0x4A, 0x36, 0x80,
    0x02, 0x51, 0x42, 0x04, 0x52, 0x4A, 0x88, 0x82, 0x10, 0x22, 0x88, 0x81, 0x10, 0x45, 0x55, 0x0B,
    0x6F, 0xEB, 0xB7, 0x6F, 0x6C, 0x9A, 0x17, 0xE0, 0xC2, 0x44, 0x11, 0x28, 0x58, 0x2A, 0x48, 0x04,
    0x28, 0xA1, 0x00, 0x20, 0x42, 0x29, 0x45, 0x10, 0x44, 0x54, 0x02, 0x0E, 0xB0, 0x4D, 0xB2, 0xAD,
    0x8D, 0xEB, 0xE3, 0x6A, 0x44, 0xB8, 0x28, 0x90, 0xA2, 0x40, 0xA1, 0x42, 0x80, 0x91, 0x04, 0x08,
    0x54, 0x8A, 0x90, 0x84, 0x10, 0x45, 0x29, 0x01, 0x48, 0x03, 0xDA, 0x26, 0x9B, 0x76, 0x73, 0x6E,
    0x92, 0xB5, 0x28, 0xD5, 0x02, 0x0B, 0xA1, 0x0D, 0x53, 0x01, 0x42, 0x04, 0x51, 0x42, 0x02, 0x20,
    0x4A, 0x21, 0x45, 0x10, 0x82, 0x54, 0x00, 0x90, 0x30, 0x8A, 0x1A, 0x0D, 0x81, 0xDC, 0x2D, 0xC8,
    0x49, 0x00, 0xA0, 0x41, 0x54, 0xA2, 0xC4, 0x55, 0xA0, 0x40, 0x00, 0x10, 0xA8, 0x0A, 0x20, 0x8A,
    0x10, 0x44, 0x28, 0x00, 0x48, 0x2E, 0x0C, 0x26, 0x4D, 0x87, 0xE5, 0x60, 0x5E, 0x95, 0x04, 0x4A,
    0x0B, 0x09, 0xA2, 0x09, 0x0D, 0x00, 0x08, 0x12, 0xAA, 0x45, 0x02, 0x81, 0x48, 0x20, 0x84, 0x12,
    0x92, 0xA5, 0x01, 0x4B, 0xC1, 0x15, 0xF6, 0xF9, 0xBD, 0xBF, 0xF5, 0x10, 0x50, 0x00, 0x3E, 0xC8,
    0xA9, 0x4C, 0x90, 0x52, 0x89, 0x00, 0x00, 0x10, 0x28, 0x54, 0x05, 0x0A, 0x52, 0x88, 0x40, 0x00,
    0x10, 0xC5, 0x70, 0x81, 0x3B, 0x56, 0x77, 0xB7, 0x40, 0x2E, 0x02, 0xA9, 0x01, 0xB4, 0x10, 0xA2,
    0x0A, 0x62, 0xD4, 0x08, 0x09, 0x42, 0x82, 0x01, 0x50, 0x40, 0x08, 0x42, 0x14, 0x90, 0x82, 0x42,
    0x0A, 0x2A, 0x8D, 0xF9, 0x3D, 0x7C, 0x16, 0x91, 0x10, 0x14, 0x00, 0x6A, 0xA4, 0x00, 0x22, 0x92,
    0xA8, 0x41, 0x40, 0x08, 0x20, 0xA8, 0x05, 0x15, 0x42, 0x28, 0x80, 0x04, 0x08, 0x94, 0x88, 0x86,
    0x0E, 0x50, 0x17, 0xD0, 0xFB, 0xCA, 0x42, 0x95, 0xFA, 0x18, 0x12, 0xAB, 0x48, 0x22, 0x12, 0x20,
    0x12, 0x41, 0x0A, 0x05, 0x50, 0x40, 0x28, 0x80, 0x24, 0x90, 0x4A, 0x61, 0xB4, 0x17, 0xA1, 0xA2,
    0x1D, 0x63, 0xC2, 0xA1, 0x0D, 0x0E, 0x85, 0x15, 0x48, 0x05, 0x41, 0x08, 0x85, 0x49, 0x00, 0x08,
    0x40, 0xA0, 0x05, 0x15, 0x02, 0x12, 0x80, 0x01, 0x0B, 0x52, 0xD8, 0x81, 0x7F, 0x7D, 0x1F, 0xC7,
    0x4B, 0x14, 0x2A, 0x52, 0x0D, 0x04, 0x85, 0x40, 0x94, 0xA5, 0x00, 0x80, 0x09, 0x21, 0x09, 0x0A,
    0xA0, 0x40, 0x48, 0x40, 0x12, 0x44, 0x40, 0x99, 0x28, 0x28, 0x55, 0xAF, 0x3A, 0x8F, 0xCF, 0x48,
    0x83, 0x4F, 0xAB, 0x0A, 0x00, 0x92, 0x00, 0x41, 0x2A, 0x26, 0xA0, 0x04, 0x00, 0x00, 0x0A, 0x12,
    0x01, 0x09, 0x00, 0x01, 0x58, 0x41, 0x21, 0x07, 0x0E, 0xDA, 0x2B, 0x18, 0x22, 0xA2, 0x09, 0xB4,
    0x2A, 0x84, 0xA5, 0x20, 0x55, 0x08, 0xA5, 0xC5, 0x40, 0x80, 0x52, 0x48, 0x20, 0x80, 0x90, 0x20,
    0x49, 0x28, 0x24, 0x2D, 0xE0, 0x51, 0xC3, 0x6D, 0x76, 0x32, 0x08, 0x10, 0x41, 0x01, 0x01, 0x10,
    0x02, 0x8A, 0x02, 0x00, 0x45, 0x12, 0xA6, 0x11, 0x00, 0x02, 0x80, 0x24, 0x05, 0x04, 0x00, 0x50,
    0xA9, 0x10, 0x42, 0x04, 0x70, 0xD7, 0xAA, 0x3D, 0xAE, 0xA8, 0x05, 0xAA, 0x49, 0x0A, 0xA8, 0x40,
    0x94, 0x12, 0x50, 0x00, 0x42, 0x84, 0x01, 0x20, 0x0A, 0x01, 0x20, 0x41, 0x24, 0x96, 0x3C, 0xC2,
    0x38, 0x04, 0xFC, 0x76, 0xEE, 0x36, 0x75, 0x04, 0x96, 0xB6, 0x6A, 0x11, 0x05, 0x28, 0x08, 0x40,
    0xAA, 0x94, 0xA2, 0xA0, 0x24, 0x04, 0x20, 0x90, 0x09, 0x10, 0x14, 0x40, 0x02, 0x48, 0x00, 0x49,
    0x56, 0x5B, 0xDA, 0x3C, 0x1C, 0xA2, 0x51, 0x5A, 0x14, 0x2A, 0xA2, 0x81, 0x52, 0x02, 0xC5, 0x4B,
    0x45, 0x23, 0x80, 0x20, 0x80, 0x04, 0x80, 0x04, 0xD8, 0x60, 0x40, 0x40, 0x00, 0x02, 0x0A, 0x2A,
    0xAE, 0x15, 0x6A, 0x57, 0x70, 0x28, 0x28, 0x48, 0x90, 0x50, 0x01, 0x2A, 0x2B, 0x45, 0x86, 0xA1,
    0x79, 0x82, 0x04, 0x40, 0x24, 0xB0, 0xD4, 0x5E, 0x9E, 0x61, 0x04, 0x94, 0xA3, 0x1B, 0xDB, 0x0F,
    0xF9, 0x04, 0x90, 0xED, 0x50, 0xAA, 0x4A, 0x84, 0x8A, 0x9A, 0x0D, 0x06, 0x8B, 0x50, 0xD2, 0x60,
    0x11, 0x0A, 0x91, 0x58, 0xAE, 0x35, 0x22, 0x54, 0x22, 0x0A, 0x5E, 0x9D, 0xB7, 0x80, 0x04, 0xA8,
    0x9B, 0x2A, 0x81, 0x22, 0x88, 0x50, 0x40, 0x43, 0x15, 0xAC, 0x15, 0x58, 0x70, 0xC0, 0x00, 0x60,
    0xE4, 0xE1, 0x6A, 0x1A, 0x1A, 0x84, 0x89, 0x5F, 0x3B, 0x16, 0xED, 0x68, 0x02, 0x0A, 0xED, 0x00,
    0x0A, 0xA9, 0x25, 0x01, 0x2A, 0x95, 0x65, 0x68, 0x35, 0x54, 0x1F, 0xE0, 0x00, 0x21, 0xB9, 0x41,
    0xAD, 0x86, 0x8D, 0x07, 0xBC, 0x14, 0x0E, 0x1D, 0x53, 0xF7, 0x29, 0x51, 0x2A, 0x04, 0xAA, 0xAA,
    0xA8, 0xA4, 0x29, 0x0A, 0xA0, 0x00, 0xD6, 0xAB, 0x02, 0x80, 0x00, 0x36, 0x56, 0x86, 0xB6, 0xC1,
    0xFF, 0x84, 0x46, 0x1F, 0x96, 0x9F, 0xA8, 0x5A, 0x94, 0x88, 0xCB, 0x2A, 0xA0, 0x50, 0x12, 0x10,
    0xA5, 0x2B, 0x50, 0x0B, 0x6A, 0xAA, 0xC0, 0x00, 0x00, 0xDB, 0x00, 0x0B, 0x6B, 0x68, 0x12, 0x7D,
    0x91, 0x65, 0xF8, 0x35, 0xA1, 0x6B, 0x02, 0x42, 0x26, 0x12, 0x80, 0xA4, 0x04, 0xA0, 0x92, 0x0A,
    0x72, 0xF5, 0x93, 0x55, 0x7D, 0x01, 0x02, 0x7D, 0x80, 0x7D, 0xF6, 0xDA, 0x00, 0x6F, 0x4F, 0xB0,
    0x00, 0xFF, 0x53, 0x1D, 0x29, 0x29, 0x0A, 0x69, 0x22, 0x95, 0x01, 0x04, 0x81, 0x20, 0x11, 0x1A,
    0x05, 0x20, 0x56, 0x90, 0x08, 0x67, 0x0F, 0xDA, 0x9B, 0x6F, 0xE8, 0x7B, 0xCD, 0xFA, 0x47, 0xBF,
    0x88, 0x67, 0x0A, 0x03, 0xB4, 0x28, 0x45, 0x4A, 0x14, 0xA8, 0x8A, 0x09, 0x61, 0x89, 0x0A, 0xA0,
    0x19, 0xC0, 0x00, 0x11, 0x89, 0xE0, 0x3E, 0x82, 0xF4, 0x52, 0x93, 0x3C, 0x3D, 0xE9, 0x45, 0x4D,
    0x21, 0x4A, 0xD0, 0xC4, 0x2A, 0xA9, 0x42, 0x90, 0x54, 0x96, 0x42, 0xE2, 0x15, 0x5A, 0xD3, 0x40,
    0x00, 0xC1, 0x8E, 0x28, 0x55, 0x81, 0x4E, 0x31, 0x22, 0x8C, 0xD7, 0x40, 0x06, 0x0B, 0x88, 0x25,
    0x43, 0x45, 0x15, 0x4A, 0x94, 0x42, 0x2A, 0x15, 0x85, 0x11, 0x6A, 0xAA, 0x07, 0xC0, 0x00, 0x77,
    0x1F, 0x98, 0xFB, 0xE3, 0x9A, 0x38, 0x65, 0x0E, 0x3B, 0x23, 0x16, 0x26, 0x92, 0xAA, 0x0A, 0x80,
    0x89, 0x24, 0x09, 0x10, 0x15, 0x2A, 0x0D, 0xA4, 0xB6, 0xAB, 0xAC, 0xA0, 0x00, 0x5E, 0x14, 0xC7,
    0x5D, 0xB9, 0x1F, 0x0F, 0xE3, 0xD8, 0x7C, 0xE3, 0x15, 0x8D, 0x80, 0x00, 0x5A, 0x03, 0x41, 0xA8,
    0x64, 0x84, 0x05, 0x54, 0x2A, 0x06, 0x4A, 0xAA, 0x20, 0xC0, 0x42, 0x74, 0x3E, 0x53, 0xEE, 0xFE,
    0x53, 0x8F, 0x71, 0x7C, 0x6B, 0x1F, 0x6F, 0x4B, 0x55, 0x02, 0xAB, 0x15, 0x41, 0x20, 0x12, 0x51,
    0x40, 0x00, 0x55, 0x0B, 0x05, 0x60, 0xD2, 0x41, 0x00, 0x50, 0x54, 0x1C, 0xB5, 0xC8, 0xD2, 0xE1,
    0xD9, 0xF2, 0x79, 0xAE, 0xB5, 0xFD, 0x82, 0x2A, 0xA9, 0x5A, 0x92, 0xA1, 0x54, 0x80, 0xA0, 0x02,
    0xDA, 0x15, 0x06, 0xA0, 0xB0, 0x40, 0x00, 0x41, 0x78, 0x16, 0x0F, 0x45, 0x81, 0xF0, 0x7F, 0xA8,
    0xD4, 0x33, 0xAD, 0x4B, 0x50, 0x95, 0x56, 0x55, 0x6A, 0x95, 0x48, 0x54, 0xAD, 0x6D, 0x54, 0xEE,
    0xA2, 0x44, 0xDD, 0x48, 0x01, 0x05, 0xD4, 0x7A, 0x0D, 0xC2, 0xF0, 0xAC, 0x00, 0x81, 0xF0, 0x7C,
    0xDB, 0xB5, 0xA8, 0x4A, 0xA9, 0x52, 0x95, 0x2A, 0x25, 0x00, 0x92, 0xB7, 0x6E, 0xB5, 0xED, 0x6B,
    0x5E, 0x60, 0x00, 0x5F, 0x7D, 0xAF, 0x46, 0x81, 0xDA, 0x7F, 0x80, 0x0B, 0x5A, 0xB4, 0x6E, 0x6E,
    0xEE, 0xAA, 0xA5, 0x4A, 0x52, 0x55, 0x50, 0x91, 0x55, 0x11, 0x52, 0xAA, 0xAA, 0xAD, 0x6B, 0xC0,
    0x00, 0x75, 0xAD, 0xF5, 0xFD, 0xFF, 0x7E, 0xED, 0xFE, 0xFF, 0xF9, 0xFF, 0xB0, 0x5B, 0x50, 0x2A,
    0xAA, 0xB5, 0xA9, 0x89, 0x55, 0x00, 0xAA, 0x56, 0xAD, 0x56, 0xB6, 0xAA, 0x95, 0x40, 0x08, 0xAA,
    0xF6, 0xAE, 0xAA, 0xAD, 0xD5, 0xBB, 0x7F, 0x6D, 0xBF, 0x6D, 0xD1, 0x6D, 0x00, 0x02, 0xA8, 0x4A,
    0x0A, 0x54, 0xA8, 0x49, 0x55, 0x5A, 0xAA, 0xED, 0xD5, 0x55, 0x7B, 0x40, 0x00, 0x7F, 0xAD, 0xDB,
    0x6E, 0xF6, 0xBE, 0xDE, 0xD5, 0x76, 0xD5, 0xDF, 0x40, 0xF0, 0x0A, 0x81, 0x54, 0x15, 0x6B, 0x41,
    0x22, 0x20, 0x80, 0x02, 0xB4, 0x36, 0x06, 0xA2, 0xAE, 0x40, 0x00, 0xAD, 0xFE, 0xFD, 0xF6, 0xBF,
    0xEB, 0xF7, 0xFF, 0x5F, 0x7F, 0x75, 0x93, 0xA1, 0x79, 0x68, 0x68, 0x4A, 0x8A, 0x14, 0xA1, 0x04,
    0x00, 0x00, 0xD4, 0x15, 0x05, 0x40, 0xD8, 0x41, 0x00, 0x03, 0x54, 0x2F, 0x03, 0x60, 0xBF, 0x3B,
    0x6B, 0x7B, 0xDA, 0xFF, 0x26, 0x86, 0xD1, 0xB4, 0x29, 0x50, 0x29, 0xD5, 0x40, 0xA0, 0x2E, 0xD0,
    0x2A, 0x0D, 0x0E, 0xA1, 0x60, 0x44, 0x04, 0x80, 0xBF, 0x0B, 0x03, 0x60, 0x74, 0x1F, 0xD0, 0x05,
    0xF7, 0x2D, 0x7B, 0x0F, 0xA4, 0xD8, 0x25, 0x56, 0xA5, 0x24, 0x0A, 0x02, 0xA8, 0xAC, 0x2C, 0x4A,
    0xD6, 0xAA, 0x71, 0x40, 0x00, 0x78, 0x36, 0x07, 0xC6, 0xB8, 0xDC, 0x36, 0x80, 0x80, 0x3F, 0x0F,
    0x1C, 0x38, 0xE1, 0x6E, 0xAA, 0xAA, 0xAA, 0x51, 0x50, 0xA8, 0xA8, 0x56, 0x16, 0x61, 0x7A, 0xB5,
    0x24, 0x40, 0x00, 0x6E, 0x0D, 0x25, 0x33, 0xEB, 0x38, 0x1F, 0x0F, 0xFC, 0x1B, 0x83, 0x94, 0x60,
    0x43, 0x02, 0xAB, 0x54, 0x91, 0x09, 0x0A, 0x00, 0xA9, 0x6B, 0x0B, 0x46, 0xAE, 0xD7, 0x96, 0xC0,
    0x00, 0xBF, 0x87, 0x9A, 0x7E, 0xBE, 0xCB, 0x3A, 0x1E, 0x9F, 0x87, 0xC9, 0xD8, 0xA5, 0x14, 0x15,
    0x55, 0x55, 0x54, 0xA4, 0x44, 0x42, 0x10, 0x51, 0x8D, 0x88, 0x55, 0x58, 0x45, 0xC0, 0x10, 0x15,
    0xE3, 0xD9, 0xD7, 0x5B, 0xF1, 0xBC, 0x37, 0xCF, 0xE1, 0x64, 0x62, 0xF3, 0x41, 0xAA, 0x95, 0x55,
    0x22, 0x92, 0x91, 0x10, 0x0A, 0x00, 0x86, 0x36, 0x1E, 0xA8, 0xA3, 0x40, 0x41, 0x5D, 0x61, 0x70,
    0x1D, 0xDF, 0x11, 0xDC, 0x7F, 0x85, 0xF8, 0xFE, 0x00, 0xAD, 0x8A, 0xAA, 0xAA, 0x4A, 0xA8, 0x90,
    0x54, 0x40, 0xA0, 0xA2, 0x85, 0x60, 0x15, 0x70, 0x5C, 0xC4, 0x00, 0x10, 0x31, 0xE7, 0xC7, 0x6A,
    0x1E, 0x74, 0x61, 0xAB, 0x2C, 0x74, 0x09, 0xB6, 0xA5, 0x5B, 0x54, 0xAA, 0xA6, 0x25, 0x29, 0x14,
    0x50, 0x53, 0x49, 0xDC, 0x46, 0xA0, 0x5A, 0xA0, 0x00, 0x44, 0xB8, 0xCC, 0x03, 0xBE, 0x4B, 0x3C,
    0x68, 0x46, 0x16, 0x3D, 0xA0, 0xED, 0x92, 0xAD, 0x52, 0x52, 0x12, 0x90, 0x80, 0x40, 0x92, 0xAD,
    0x42, 0xB7, 0x56, 0xCB, 0x6F, 0x80, 0x01, 0x1E, 0x70, 0xBF, 0x80, 0xD8, 0x05, 0xCC, 0x72, 0xA8,
    0xC6, 0x33, 0xFC, 0x99, 0x54, 0xAA, 0xAA, 0x95, 0x4A, 0x24, 0xA1, 0x10, 0x50, 0xA5, 0x00, 0x1B,
    0xFA, 0xBD, 0xF4, 0x80, 0x00, 0x5B, 0x94, 0x2B, 0xF4, 0xDD, 0xBF, 0xF0, 0x79, 0xC3, 0xDF, 0x17,
};
 
const unsigned char image_data_1[] = {
    0xFF, 0xFB, 0xFF, 0xF7, 0xF7, 0x6D, 0xED, 0x6A, 0xF6, 0xDA, 0xAB, 0xEF, 0x2A, 0x4A, 0x25, 0x31,
    0x85, 0x45, 0xB0, 0x81, 0x29, 0x52, 0x55, 0x22, 0x88, 0x00, 0xB3, 0x4B, 0x75, 0x55, 0xEF, 0xDF,
    0x6D, 0xFD, 0xDF, 0xFF, 0xBF, 0xFF, 0xAD, 0xB5, 0x76, 0x10, 0xF5, 0xB5, 0xC9, 0x46, 0x38, 0x9A,
    0x07, 0x3A, 0x52, 0x55, 0x25, 0x4C, 0x12, 0xA7, 0x6E, 0xB4, 0x8A, 0xAA, 0xBB, 0x7F, 0xFF, 0xAF,
    0x7A, 0xAA, 0xEA, 0xAA, 0xDB, 0x6F, 0xA9, 0xEF, 0x0A, 0x4A, 0x36, 0x98, 0xC3, 0x21, 0xF8, 0xC4,
    0x84, 0x8A, 0xC8, 0x51, 0x44, 0x08, 0x91, 0x6B, 0x75, 0x55, 0xFF, 0xF6, 0xB6, 0xFD, 0xEF, 0xFF,
    0xFF, 0xFF, 0x7E, 0xD9, 0x56, 0x94, 0xF5, 0xB5, 0x48, 0x63, 0x14, 0x5E, 0x05, 0x29, 0x52, 0xB4,
    0x33, 0xAA, 0x29, 0x23, 0x6E, 0x94, 0x8A, 0xAA, 0xED, 0xDF, 0xFF, 0xF7, 0xBD, 0x6A, 0xAA, 0xAA,
    0xD5, 0xB6, 0xBB, 0x6B, 0x0A, 0x4A, 0xB3, 0x94, 0x69, 0x81, 0xBA, 0x92, 0x29, 0x49, 0xCC, 0x54,
    0x82, 0x44, 0xB5, 0x6F, 0x75, 0x55, 0xFF, 0x7B, 0xDB, 0x5F, 0x77, 0xFF, 0xFF, 0xFF, 0xAB, 0x6B,
    0x64, 0xD6, 0xF5, 0xB5, 0x0C, 0x4A, 0x84, 0x3E, 0x45, 0x6C, 0xC6, 0x96, 0x12, 0x82, 0x48, 0x13,
    0x4A, 0xD0, 0xCA, 0xA8, 0xB7, 0xFF, 0x7F, 0xFD, 0xDF, 0x5A, 0xDA, 0xAA, 0xFE, 0xB6, 0xDB, 0x29,
    0x0A, 0x4A, 0xF3, 0x35, 0x3A, 0xC1, 0x1A, 0x12, 0x09, 0x68, 0xE9, 0x3D, 0x12, 0xAC, 0xB7, 0x2F,
    0x35, 0x41, 0xFD, 0xD7, 0xED, 0xF7, 0xFD, 0xEF, 0xBF, 0xFF, 0xAB, 0xED, 0x56, 0xF6, 0xF5, 0xB5,
    0x08, 0xC8, 0xC1, 0x2E, 0xE1, 0xE5, 0x26, 0x97, 0x16, 0xC0, 0xA0, 0x01, 0x68, 0xF2, 0xCE, 0x96,
    0xDF, 0xFD, 0xFF, 0xBF, 0x57, 0x7E, 0xEB, 0xAA, 0xDE, 0xB6, 0xB9, 0x8D, 0x4A, 0x4A, 0xB7, 0x23,
    0x16, 0x51, 0x16, 0x0A, 0x89, 0x60, 0xA1, 0x1B, 0x05, 0x2A, 0x97, 0x8D, 0xB1, 0x01, 0xFF, 0x7F,
    0xB6, 0xED, 0xFD, 0xD5, 0xFD, 0x7F, 0x75, 0x6D, 0xE6, 0x72, 0xB5, 0xB5, 0x48, 0x9C, 0x68, 0xA6,
    0xA9, 0x70, 0x5A, 0x9F, 0x4C, 0x64, 0x50, 0x45, 0x7A, 0x7A, 0x6E, 0xAA, 0xED, 0xF6, 0xFF, 0xFF,
    0xDF, 0xFF, 0xAF, 0xD5, 0xDB, 0xDA, 0x9D, 0xAD, 0x6A, 0x4A, 0xB3, 0x61, 0x85, 0x55, 0x52, 0x8A,
    0x85, 0x60, 0xB2, 0x8A, 0x89, 0x0A, 0xC5, 0xA5, 0x95, 0x41, 0xBF, 0xDF, 0xDD, 0xBB, 0x7A, 0xB7,
    0x7A, 0xFF, 0x6E, 0xB7, 0x73, 0x56, 0x95, 0xB5, 0x4C, 0x96, 0x3A, 0x28, 0xAC, 0x55, 0x3A, 0x97,
    0x45, 0x75, 0x22, 0x95, 0x3B, 0x5B, 0x6A, 0xAB, 0xF7, 0x7B, 0xFF, 0xEF, 0xEF, 0xDD, 0xDF, 0xAA,
    0xDB, 0x6C, 0xCC, 0xA9, 0x6A, 0x4A, 0x91, 0x48, 0xC0, 0xC3, 0x43, 0xA0, 0x25, 0x68, 0xAA, 0x08,
    0xC8, 0x26, 0xE6, 0xB6, 0xB5, 0x84, 0xFF, 0xFF, 0xAE, 0xFE, 0xBE, 0xF7, 0xF6, 0xFF, 0xF5, 0xDB,
    0xBB, 0xD6, 0xD5, 0xB5, 0x6E, 0xB3, 0x17, 0x1C, 0x3C, 0x4D, 0x4A, 0x13, 0x54, 0xE7, 0x32, 0x89,
    0x9D, 0x69, 0x4A, 0x49, 0xDD, 0xD5, 0xFB, 0xBB, 0xFB, 0xBD, 0x5D, 0xAA, 0xAF, 0x6E, 0x65, 0x3B,
    0x2E, 0x4A, 0x90, 0x4C, 0x68, 0x61, 0xC2, 0x90, 0xA9, 0xEC, 0x29, 0x18, 0x44, 0x3E, 0x72, 0xD6,
    0xFD, 0x93, 0xFF, 0xFF, 0xFF, 0xFF, 0xEF, 0xEF, 0xFF, 0xFF, 0xDA, 0xD5, 0xDE, 0xC4, 0xD1, 0xB5,
    0x2F, 0x91, 0x92, 0x8A, 0x1D, 0x52, 0x56, 0x13, 0xD6, 0xA5, 0x9A, 0xC1, 0xCD, 0xAD, 0x83, 0x44,
    0xDB, 0x7E, 0xDE, 0xD5, 0xBD, 0x7A, 0xAB, 0x55, 0x7D, 0xBB, 0x29, 0xBB, 0x2E, 0x4A, 0xD0, 0x6A,
    0x25, 0x54, 0xA2, 0x89, 0xA9, 0xA4, 0x21, 0x4A, 0x60, 0x1F, 0x3B, 0x76, 0x7C, 0xB9, 0xFF, 0xF7,
    0xFB, 0xFF, 0xF7, 0xDF, 0xFD, 0xFF, 0xB7, 0x6E, 0xD6, 0xCD, 0xD1, 0xB5, 0x0D, 0x94, 0xD4, 0xAB,
    0x55, 0x22, 0x52, 0x5A, 0xDE, 0xB4, 0x8A, 0xA4, 0xE6, 0xA9, 0xCB, 0x81, 0xDF, 0xDF, 0x6F, 0x7E,
    0xDF, 0x76, 0xEF, 0xAA, 0xEA, 0xD5, 0xBD, 0x32, 0x3E, 0x6A, 0xF2, 0x43, 0x0B, 0x10, 0x2A, 0x55,
    0x2D, 0xA5, 0x20, 0x43, 0x55, 0x5B, 0x9D, 0x5F, 0x36, 0x2F, 0xFB, 0x7B, 0xFF, 0xEB, 0xFD, 0xFF,
    0xBA, 0xFF, 0x5F, 0xBB, 0x52, 0xED, 0xC1, 0x95, 0x0C, 0xBC, 0xB0, 0x66, 0xC4, 0x82, 0xD2, 0x4A,
    0x57, 0x9C, 0xA2, 0x25, 0x72, 0xEA, 0xE9, 0xE8, 0xDF, 0xFF, 0xDD, 0xBF, 0x6F, 0x55, 0xFF, 0x55,
    0xF5, 0x76, 0xEF, 0x93, 0x3E, 0x6A, 0xF3, 0x42, 0x4B, 0x91, 0x19, 0x55, 0x25, 0x35, 0xA8, 0x63,
    0x14, 0xDE, 0xAF, 0x95, 0x96, 0x93, 0xFD, 0xED, 0xFF, 0xFD, 0xFB, 0xFF, 0xAB, 0xFF, 0x5B, 0xAD,
    0x54, 0x7C, 0xD1, 0x95, 0x08, 0xA9, 0xA4, 0x26, 0x62, 0x2A, 0x5A, 0xC2, 0x56, 0x94, 0xE9, 0x31,
    0xD9, 0x7A, 0x6D, 0x6C, 0xF7, 0xBF, 0xB6, 0xF7, 0xDF, 0x76, 0xFE, 0xB5, 0xF6, 0xDB, 0xBB, 0xA3,
    0x2E, 0x6A, 0xF7, 0x16, 0x1A, 0xD8, 0x94, 0x45, 0xA5, 0x3D, 0x21, 0x49, 0x02, 0xCF, 0x2E, 0xC7,
    0xDA, 0x93, 0xDF, 0xF7, 0xFF, 0xDF, 0x7E, 0xDB, 0xBB, 0xFF, 0x5D, 0x76, 0x65, 0x5E, 0xD1, 0x95,
    0x08, 0xE8, 0xE1, 0x05, 0x49, 0xB8, 0x5A, 0x42, 0xDE, 0xB6, 0xAD, 0x3A, 0xF5, 0xBC, 0xA5, 0xC0,
    0xFE, 0xFE, 0xDB, 0xFD, 0xEB, 0xFF, 0xEF, 0xAA, 0xF7, 0xAD, 0xDE, 0xA9, 0x6E, 0x6A, 0xF5, 0x13,
    0x0E, 0xB2, 0x36, 0x47, 0x81, 0xB9, 0x20, 0x49, 0x50, 0xE5, 0xAB, 0x6B, 0x5E, 0x17, 0xF7, 0xEF,
    0xFF, 0x6F, 0xBF, 0xAE, 0xBA, 0xFF, 0xDD, 0x7B, 0x29, 0xD6, 0x95, 0x95, 0x0A, 0xA4, 0xB1, 0x4D,
    0x40, 0x98, 0x7E, 0x06, 0x4F, 0x92, 0xA7, 0x9E, 0xDE, 0xD6, 0xE9, 0xA8, 0xDF, 0x7E, 0xFD, 0xFB,
    0xFE, 0xFB, 0xFF, 0x5A, 0xAB, 0xD6, 0xF7, 0x2D, 0x6A, 0x6A, 0xF5, 0x59, 0x4A, 0x10, 0xAD, 0x63,
    0x81, 0xF9, 0xB0, 0x6D, 0x08, 0x75, 0xAB, 0x5D, 0x56, 0x95, 0xFD, 0xF7, 0xB7, 0xBE, 0xDB, 0xDE,
    0xEB, 0xF7, 0xFE, 0xAD, 0xAA, 0xF2, 0xD5, 0x95, 0x0A, 0xA6, 0x94, 0xEB, 0x12, 0x9C, 0x3C, 0x04,
    0x4D, 0x90, 0xF5, 0xCB, 0x76, 0xF3, 0xAB, 0x41, 0xFF, 0xDF, 0xFF, 0xFF, 0xFF, 0x77, 0xBE, 0xBD,
    0x5B, 0x7B, 0x5D, 0x4D, 0x2A, 0x6A, 0xF4, 0x48, 0x6B, 0x04, 0xA4, 0x21, 0xC3, 0xDB, 0xA2, 0x2F,
    0x0B, 0x3D, 0xAD, 0xAD, 0x5C, 0xAB, 0xD7, 0xFE, 0xDE, 0xEB, 0x6D, 0xFE, 0xEF, 0xEF, 0xF5, 0xD5,
    0xAA, 0xBB, 0xD7, 0x95, 0x0B, 0xB5, 0x90, 0x59, 0x5B, 0xCE, 0x1C, 0x24, 0x5D, 0xD0, 0xB0, 0xEB,
    0x7B, 0x5A, 0xF3, 0x40, 0xFF, 0x77, 0xFB, 0xBF, 0xFF, 0xAB, 0xFA, 0xFA, 0xAF, 0x3F, 0x75, 0xD4,
    0x38, 0x6A, 0xF4, 0x4A, 0x4E, 0xA2, 0x80, 0x31, 0x62, 0xCA, 0xA2, 0x2B, 0x47, 0x96, 0xD6, 0xF7,
    0x4E, 0x95, 0xFB, 0xFF, 0x7F, 0xFD, 0xB6, 0xFF, 0xBF, 0xAF, 0xFD, 0xEA, 0xCF, 0x2F, 0xC7, 0x95,
    0x0A, 0x91, 0xB1, 0x54, 0x5B, 0x4A, 0x8D, 0x35, 0x55, 0x54, 0x98, 0x7B, 0x6D, 0xAC, 0xB9, 0xAA,
    0xDF, 0xDD, 0xEE, 0xF7, 0xFF, 0xEE, 0xEB, 0xF5, 0x5B, 0x55, 0xB8, 0xD0, 0xB9, 0x6A, 0xF5, 0x6E,
    0x4A, 0x8A, 0x84, 0xA5, 0x72, 0x42, 0x2A, 0xA9, 0x65, 0xCE, 0xDB, 0x5B, 0xE6, 0x00, 0xFE, 0xFF,
    0xFB, 0xDF, 0x5B, 0x77, 0xBE, 0xBF, 0xF6, 0xFF, 0x67, 0xBF, 0x56, 0x95, 0x0A, 0x90, 0x95, 0x35,
    0x2A, 0x1A, 0x05, 0x9D, 0xD1, 0x16, 0x92, 0x35, 0xB6, 0xF6, 0x5D, 0xF5, 0xF7, 0xF7, 0x7F, 0xFD,
    0xFF, 0xDD, 0xFB, 0xEA, 0xAF, 0xAA, 0xDD, 0x62, 0xA9, 0x6A, 0xF5, 0x27, 0x68, 0xC8, 0x91, 0xE1,
    0x7A, 0x62, 0x0E, 0xE9, 0x25, 0xDB, 0x6D, 0xAD, 0xAA, 0x81, 0xDF, 0xBF, 0xEF, 0x77, 0xED, 0xFF,
    0x6F, 0x7F, 0xFD, 0x55, 0xB2, 0x9D, 0x56, 0x95, 0x0A, 0xD8, 0x93, 0x23, 0x2A, 0x0A, 0x81, 0x0C,
    0xF1, 0x12, 0xDA, 0x26, 0xDB, 0x5B, 0x77, 0x1B, 0xFB, 0xFD, 0xFD, 0xFF, 0x7F, 0xB5, 0xFD, 0xD5,
    0x5A, 0xFF, 0x6D, 0x72, 0xED, 0x6A, 0xF4, 0x25, 0x4C, 0x9C, 0x45, 0x55, 0x5E, 0xF3, 0x06, 0x6D,
    0x21, 0xDD, 0xB6, 0xF6, 0xCC, 0xC0, 0xFF, 0x77, 0xDF, 0xBD, 0xDA, 0xFF, 0xD7, 0xFF, 0xF7, 0xD2,
    0xDB, 0xCF, 0x12, 0xD5, 0x0B, 0xCA, 0xB2, 0x61, 0x18, 0xAA, 0x20, 0x08, 0x79, 0x92, 0x4E, 0x32,
    0xDD, 0x5D, 0xBB, 0xB3, 0xDF, 0xFE, 0xF7, 0xEF, 0xFF, 0xEF, 0x7E, 0xAD, 0x5E, 0xBD, 0xB5, 0x38,
    0xFD, 0x2A, 0xF4, 0x35, 0x49, 0x8A, 0xA5, 0x40, 0xCD, 0xD7, 0x82, 0x65, 0xB1, 0xCD, 0xB7, 0xEB,
    0x65, 0x45, 0xFB, 0xDF, 0xFF, 0x7E, 0xF7, 0xBD, 0xDB, 0xFB, 0xF5, 0xD7, 0x56, 0xE7, 0x82, 0xD5,
    0x0A, 0xCA, 0x96, 0x34, 0x4A, 0x97, 0x32, 0x28, 0x3D, 0x9A, 0x46, 0x3B, 0x6D, 0x56, 0xDE, 0x80,
    0xFE, 0xFB, 0xDD, 0xFB, 0xBD, 0xF7, 0xFF, 0xBE, 0xAF, 0x6D, 0xBD, 0x9A, 0x7D, 0x2A, 0xF5, 0x11,
    0x69, 0x49, 0xB5, 0x28, 0x44, 0xD5, 0xC2, 0x44, 0x99, 0xC4, 0xD6, 0xFD, 0xB5, 0xBD, 0xDF, 0xFE,
    0xFF, 0xDF, 0xEF, 0x5F, 0x56, 0xD7, 0xFD, 0xBB, 0x63, 0x6D, 0xA3, 0xDD, 0x0A, 0xEE, 0x92, 0xA2,
    0x02, 0x45, 0x9B, 0x22, 0x15, 0xBB, 0x62, 0x3F, 0xBB, 0x97, 0x6A, 0x01, 0xFB, 0xDF, 0xF7, 0xFD,
    0xFF, 0xFB, 0xFF, 0xFD, 0xAA, 0xED, 0xBD, 0x53, 0x5C, 0x22, 0xF5, 0x11, 0x6D, 0x55, 0x6C, 0x98,
    0x64, 0x5C, 0xEA, 0x44, 0x8D, 0x80, 0x56, 0xEA, 0xD7, 0xD4, 0xFF, 0x7B, 0xBF, 0x6F, 0xB5, 0xEE,
    0xDD, 0x76, 0xFF, 0xBB, 0x66, 0xDC, 0xB3, 0xDD, 0x0A, 0x66, 0x12, 0x28, 0x91, 0x23, 0x89, 0xA3,
    0x11, 0x99, 0x52, 0x7F, 0xED, 0xBD, 0xBC, 0x11, 0xDF, 0xFF, 0xFB, 0xFE, 0xFF, 0xBF, 0xF7, 0xDF,
    0xAA, 0xD6, 0xDD, 0xB3, 0xCE, 0x2A, 0xF5, 0x99, 0xE4, 0xC3, 0x26, 0x4C, 0x36, 0x54, 0xA6, 0x66,
    0xA9, 0x80, 0x1B, 0x6B, 0x62, 0xE5, 0xFB, 0xEE, 0xDF, 0xB7, 0xDE, 0xFB, 0xBE, 0xF5, 0xFF, 0x6D,
    0xB3, 0x4E, 0x31, 0xD5, 0x0A, 0x46, 0x1B, 0x08, 0x59, 0x12, 0xC8, 0x8A, 0x59, 0x99, 0x56, 0x6F,
    0xF6, 0xDE, 0xDE, 0x09, 0xFF, 0x7F, 0xFD, 0xFF, 0xFB, 0xEE, 0xEB, 0xBF, 0x5A, 0xBB, 0x6E, 0xB9,
    0xEE, 0xAA, 0xF5, 0xB8, 0xE4, 0x92, 0x82, 0x49, 0x13, 0x75, 0xA2, 0x42, 0x20, 0x90, 0x0D, 0xB5,
    0xB4, 0xD3, 0xDF, 0xFD, 0xEF, 0xFB, 0x6F, 0xBF, 0xFF, 0xED, 0xF7, 0xEE, 0xD9, 0xE7, 0x19, 0x57,
    0x0A, 0x43, 0x19, 0x25, 0x54, 0x96, 0x6C, 0x82, 0x4C, 0xBD, 0xCF, 0x6B, 0x7A, 0x6B, 0x6B, 0x08,
    0xFB, 0xEF, 0x7F, 0x6F, 0xFE, 0xFB, 0xAE, 0xBB, 0x5E, 0xB5, 0xB6, 0x9C, 0xE6, 0xA8, 0xF5, 0x9C,
    0x66, 0x00, 0x2A, 0x28, 0x91, 0x5C, 0x93, 0x42, 0x30, 0x14, 0x87, 0xDE, 0xDD, 0xD3, 0xFF, 0x7F,
    0xFB, 0xFD, 0xBB, 0xEE, 0xFB, 0xFF, 0xF5, 0xDB, 0x5D, 0x73, 0x59, 0x57, 0x0A, 0x63, 0x88, 0xAD,
    0x41, 0x13, 0x26, 0x23, 0x64, 0xAC, 0xC6, 0xE9, 0x7A, 0xB5, 0xAB, 0x0A, 0xDF, 0xF7, 0xBF, 0xBF,
    0xFF, 0xBF, 0xFF, 0x56, 0xDF, 0xAE, 0xEB, 0xCE, 0xAF, 0xB8, 0xF5, 0x9C, 0x70, 0x00, 0x9A, 0x44,
    0x99, 0xD4, 0x9A, 0x53, 0x29, 0x06, 0x87, 0x6A, 0xD6, 0xE1, 0xFB, 0xBE, 0xEE, 0xF7, 0xB6, 0xFB,
    0xAB, 0xFD, 0xB5, 0x7B, 0x55, 0x39, 0x50, 0x47, 0x0A, 0x41, 0x8A, 0xAA, 0x24, 0xA9, 0x22, 0x29,
    0x45, 0xAC, 0xD6, 0xB8, 0x7C, 0xD7, 0xB8, 0x16, 0xFF, 0xFF, 0xFF, 0xFD, 0xFF, 0xEE, 0xFE, 0xDF,
    0xFF, 0xD6, 0xEE, 0xE7, 0xBF, 0xB8, 0xF5, 0xBE, 0x50, 0x01, 0x49, 0x14, 0xCD, 0x46, 0xB8, 0x41,
    0x20, 0x43, 0x83, 0xBD, 0x65, 0xAB, 0xDD, 0xF7, 0xFB, 0xEF, 0xDB, 0xBF, 0xFB, 0xF5, 0x55, 0x6D,
    0xB9, 0x9C, 0x61, 0x57, 0x8A, 0x41, 0xA2, 0xAA, 0x92, 0x63, 0x32, 0xB8, 0x43, 0xBE, 0x9D, 0xAC,
    0x7E, 0x52, 0xBF, 0x40, 0xFF, 0xFD, 0xDF, 0xBF, 0x7E, 0xF7, 0xAF, 0xBF, 0xFF, 0xDB, 0x57, 0x73,
    0x9E, 0xA8, 0x75, 0xAE, 0x48, 0x00, 0x28, 0x8C, 0x48, 0x43, 0x9C, 0x01, 0x62, 0x11, 0x81, 0xBD,
    0xD4, 0x17, 0xF6, 0xDF, 0xFE, 0xFD, 0xF7, 0xFE, 0xFE, 0xEB, 0x55, 0x76, 0xEC, 0xCE, 0x69, 0x57,
    0x8A, 0x51, 0x92, 0xAA, 0x85, 0x31, 0xA7, 0xAC, 0x61, 0xF6, 0x95, 0x66, 0x2F, 0x67, 0x2B, 0xA9,
    0xFF, 0xFE, 0xEF, 0xF7, 0xFF, 0xAB, 0xFB, 0xBF, 0xFF, 0xDD, 0x5B, 0xB9, 0xD6, 0xE8, 0x75, 0xAA,
    0x60, 0x01, 0x2A, 0x46, 0x18, 0x12, 0x96, 0x09, 0x2A, 0x98, 0xD0, 0xDA, 0xFE, 0x02, 0xDF, 0xFB,
    0xFD, 0xDF, 0xAE, 0xFF, 0x6E, 0xFA, 0xD5, 0x77, 0xF6, 0x67, 0x3B, 0x17, 0x8A, 0x55, 0x85, 0x54,
    0x51, 0x19, 0x62, 0xE5, 0x29, 0xB2, 0xD4, 0x23, 0x2B, 0x35, 0xA4, 0x5D, 0xFE, 0xDF, 0x7F, 0xFE,
    0xFB, 0xFF, 0xFF, 0xEF, 0xBF, 0xDA, 0xAD, 0xDC, 0xC4, 0xEC, 0x75, 0xAA, 0x50, 0x01, 0x06, 0x62,
    0x95, 0x1A, 0xD2, 0x4D, 0x29, 0xCC, 0x44, 0xEF, 0x5A, 0xAB, 0xF7, 0xFF, 0xEF, 0xBB, 0xFF, 0x6A,
    0xDB, 0xBB, 0xEA, 0xAD, 0x5B, 0x33, 0x7B, 0x53, 0x8A, 0x54, 0x85, 0x2A, 0x50, 0x8D, 0x4A, 0x61,
    0x24, 0x92, 0xC6, 0x31, 0x9B, 0x54, 0xEF, 0xD6, 0xFF, 0xFB, 0xFB, 0xFF, 0xEF, 0xFF, 0xFE, 0xEE,
    0xBF, 0xFB, 0xF6, 0xEE, 0x96, 0xAE, 0x75, 0xAB, 0x10, 0x40, 0xA5, 0x50, 0x34, 0x8E, 0x9B, 0x64,
    0x39, 0x46, 0x64, 0xAB, 0x98, 0xBD, 0xDE, 0xDF, 0x7E, 0xEE, 0xBD, 0xBF, 0x6F, 0xFF, 0xEA, 0xAE,
    0xAD, 0x95, 0x69, 0x51, 0x8A, 0x54, 0x49, 0x0A, 0x0A, 0x97, 0x43, 0x30, 0x64, 0x9B, 0xC4, 0x98,
    0x8B, 0x5D, 0x77, 0x53, 0xFF, 0xFF, 0xEF, 0xFF, 0xF7, 0xED, 0xFD, 0x55, 0x7F, 0xF5, 0x5A, 0xEB,
    0xB7, 0xBE, 0x75, 0xA8, 0x02, 0x50, 0xA4, 0x20, 0x9C, 0xC7, 0x89, 0x24, 0x1B, 0x63, 0x34, 0xB3,
    0x4C, 0x0D, 0xF7, 0xFB, 0xFF, 0xBB, 0xFE, 0xFF, 0xB7, 0xFF, 0xD5, 0x5F, 0xF7, 0x5D, 0x4C, 0x41,
    0x8A, 0x55, 0x50, 0x04, 0x09, 0xDE, 0x61, 0x18, 0x52, 0xC9, 0xE4, 0x0C, 0xC3, 0x4E, 0xFA, 0xF6,
    0xFE, 0xDF, 0x7D, 0xFF, 0xBF, 0xB6, 0xFF, 0xF6, 0xFF, 0xEA, 0xAA, 0xB2, 0xB3, 0xBF, 0x75, 0xA8,
    0x05, 0x51, 0x32, 0x01, 0x96, 0xA2, 0xAC, 0x36, 0x09, 0xD1, 0x1C, 0xB9, 0x94, 0x9D, 0xDF, 0xFF,
    0xEF, 0xEE, 0xED, 0xFF, 0xED, 0x5D, 0xAA, 0xB5, 0x5D, 0xDD, 0xDD, 0x60, 0x8A, 0x52, 0x90, 0x04,
    0x85, 0x7A, 0x29, 0x4D, 0x52, 0xC8, 0xF6, 0x2A, 0xA1, 0x17, 0x6C, 0xF5, 0xFF, 0xFB, 0xFE, 0xFF,
    0xFF, 0xEF, 0xBF, 0xFF, 0xFF, 0xDF, 0xF3, 0x33, 0x26, 0x9F, 0x75, 0xA0, 0x02, 0xAA, 0x5A, 0x84,
    0xD2, 0x32, 0x25, 0x13, 0x09, 0x55, 0x56, 0xEA, 0xDA, 0xAE, 0xFB, 0xBF, 0xB7, 0xBB, 0xB6, 0xFA,
    0xFB, 0xD7, 0x55, 0x75, 0x5E, 0xEE, 0xD9, 0x70, 0xAA, 0x44, 0xA8, 0x00, 0x84, 0x33, 0x0C, 0xC8,
    0xCA, 0x6C, 0x64, 0xA2, 0x29, 0x15, 0x6C, 0x99, 0xFF, 0xED, 0xFF, 0xFF, 0xFF, 0xDF, 0xEE, 0xFD,
    0xFF, 0xDF, 0xB5, 0x95, 0xB6, 0xCF, 0x55, 0x89, 0x01, 0x52, 0x39, 0xCC, 0x73, 0x27, 0x34, 0x93,
    0x9B, 0x0C, 0xC2, 0x6E, 0xD5, 0x77, 0xDD, 0xFF, 0xFE, 0xEF, 0x7B, 0x7F, 0xBF, 0xB6, 0xB5, 0x72,
    0xEB, 0x6E, 0x6B, 0x38, 0xAA, 0x20, 0x54, 0x04, 0xC2, 0x11, 0x84, 0x98, 0x43, 0x24, 0x64, 0x71,
    0x1D, 0x99, 0xAA, 0xDA, 0xFF, 0xFF, 0xB7, 0xFB, 0xEF, 0xFA, 0xFB, 0xFF, 0xFF, 0xDD, 0x5E, 0xD9,
    0x94, 0xC7, 0x55, 0x0A, 0x00, 0x51, 0x1D, 0x66, 0x3A, 0x62, 0xAC, 0x95, 0x89, 0x86, 0xA0, 0x67,
    0x7F, 0xB5, 0xEF, 0xBB, 0xFF, 0xBF, 0xFD, 0xEF, 0xEE, 0xEB, 0xAB, 0x77, 0xB5, 0xB7, 0x6F, 0xBA,
    0xAA, 0x20, 0xAA, 0x84, 0xA2, 0x98, 0xC1, 0x8D, 0x11, 0x68, 0x36, 0x59, 0x57, 0x9C, 0xA0, 0x6A,
    0xFF, 0xFF, 0xFE, 0xFD, 0xBF, 0xBF, 0xBF, 0xBE, 0xFE, 0xDD, 0x6B, 0x6A, 0xD8, 0x55, 0x54, 0x84,
    0x00, 0x11, 0x54, 0x43, 0x1E, 0x32, 0xAA, 0x07, 0xC8, 0xA2, 0x28, 0x6B, 0x5F, 0xDF, 0xFD, 0xDE,
    0xEF, 0xF7, 0xFB, 0xFB, 0xFB, 0xFB, 0xB7, 0xB7, 0xDE, 0x9D, 0x27, 0xAA, 0xAA, 0x51, 0x54, 0xA4,
    0x29, 0xB4, 0x60, 0xC4, 0x44, 0xD8, 0x13, 0x4A, 0xC3, 0xB6, 0xF4, 0x70, 0xDF, 0xFF, 0xFF, 0xDE,
    0xDF, 0x6E, 0xEF, 0x6F, 0xDD, 0xEA, 0xB5, 0xF3, 0xFC, 0xD5, 0xD4, 0x04, 0x00, 0x01, 0x46, 0x0A,
    0x8B, 0x1A, 0xAB, 0x23, 0x6C, 0x95, 0x1C, 0x49, 0x4B, 0xCF, 0xFE, 0xF7, 0x76, 0xFF, 0xFF, 0xFF,
    0xBD, 0xFD, 0x76, 0xBF, 0x6A, 0xAE, 0x45, 0x3A, 0x2A, 0xA1, 0x55, 0x54, 0x99, 0x65, 0x34, 0x65,
    0x50, 0x4C, 0x91, 0x28, 0x63, 0xBF, 0xB6, 0xB9, 0xEF, 0xFF, 0xFF, 0xFB, 0xED, 0xBB, 0xF7, 0xD7,
    0xFF, 0xE9, 0xDF, 0x55, 0xBB, 0xC7, 0xD4, 0x08, 0x00, 0x01, 0x64, 0x98, 0xC9, 0x88, 0x86, 0x91,
    0x26, 0x93, 0x94, 0x60, 0x5D, 0x66, 0xFF, 0xBB, 0xBF, 0xDF, 0xBF, 0xFE, 0xFF, 0x7F, 0x55, 0xBE,
    0xEA, 0xFB, 0x56, 0x38, 0x3A, 0xA2, 0xAA, 0x94, 0x09, 0x23, 0x12, 0x55, 0x39, 0x66, 0xA8, 0x64,
    0x4B, 0x9F, 0xE2, 0xDD, 0xFB, 0xFF, 0xF6, 0xFE, 0xF6, 0xDF, 0xAD, 0xF5, 0xFF, 0x6B, 0xBD, 0x95,
    0x69, 0xD7, 0xC4, 0x04, 0x00, 0x01, 0x76, 0xAC, 0x6A, 0xAA, 0x82, 0x11, 0x4A, 0x89, 0x14, 0x71,
    0x1D, 0xB2, 0xFF, 0xDE, 0xFF, 0xFB, 0xFF, 0xF7, 0xFF, 0xDF, 0xDB, 0xFD, 0x56, 0xEE, 0xDF, 0x2A,
    0x3A, 0x29, 0x52, 0xAA, 0x80, 0x42, 0x84, 0x91, 0x35, 0x66, 0x15, 0x34, 0x43, 0x8E, 0xEB, 0x4B,
    0xDE, 0xFF, 0xFF, 0xBF, 0xDF, 0xBD, 0xFB, 0x7D, 0x6D, 0x56, 0xEB, 0x55, 0xA8, 0xD5, 0xD5, 0x40,
    0x04, 0x00, 0x2F, 0x99, 0x59, 0x26, 0x48, 0x88, 0xE8, 0xC1, 0x14, 0x79, 0x94, 0xB8, 0xFF, 0xF7,
    0xDD, 0xFF, 0x7D, 0xFF, 0x6F, 0xF7, 0xFF, 0xFB, 0xBD, 0xBB, 0x57, 0xBA, 0x28, 0x12, 0xA1, 0x2A,
    0xD0, 0x26, 0x22, 0xD8, 0x93, 0x35, 0x03, 0x2A, 0x87, 0x86, 0x7C, 0x03, 0xEF, 0xFF, 0xFF, 0xDB,
    0xF7, 0xF7, 0xFE, 0xBF, 0x5A, 0xAE, 0xD6, 0xE6, 0xBA, 0x47, 0xDA, 0xA4, 0x08, 0x80, 0x25, 0x48,
    0xCC, 0x03, 0x4C, 0x49, 0x5C, 0x84, 0x50, 0x7D, 0xC3, 0xA1, 0xFF, 0xBB, 0x6E, 0xFF, 0xFE, 0xDD,
    0xBB, 0xEB, 0xF7, 0xFB, 0xAB, 0x5D, 0x65, 0xB8, 0x20, 0x01, 0x42, 0x29, 0x4A, 0xA5, 0x12, 0xB4,
    0x11, 0xA2, 0xA1, 0x29, 0x2B, 0x82, 0x3D, 0x4C, 0xFB, 0xFF, 0xFF, 0xFF, 0x6F, 0xFF, 0xFF, 0xFE,
    0xDD, 0x55, 0x7D, 0xB2, 0xDB, 0x57, 0xE5, 0x54, 0x10, 0x02, 0x94, 0x4A, 0x65, 0x49, 0x6A, 0x4C,
    0x1A, 0x02, 0x44, 0x7F, 0xCA, 0xA3, 0xFF, 0xDF, 0xF7, 0xDB, 0xFD, 0x77, 0x6D, 0xAF, 0xFF, 0xFF,
    0xD6, 0xEF, 0xAE, 0xAA, 0x10, 0x01, 0x4A, 0xA8, 0x29, 0x91, 0x88, 0x92, 0x84, 0x91, 0xE4, 0xB4,
    0x99, 0x80, 0x75, 0x5C, 0xDD, 0xFD, 0xBF, 0xFF, 0xBF, 0xFF, 0xFF, 0xFD, 0x55, 0x55, 0x6B, 0x5A,
    0x51, 0x55, 0xEA, 0xA8, 0x00, 0x02, 0xD2, 0x2A, 0x53, 0x25, 0x29, 0x56, 0x0A, 0x01, 0x22, 0x7F,
    0x8E, 0x81, 0xFF, 0xFF, 0xFB, 0x7D, 0xF7, 0xED, 0xD6, 0xF7, 0xFF, 0xFE, 0xDD, 0xB5, 0xBF, 0xEB,
    0x00, 0x05, 0x55, 0x55, 0x25, 0x45, 0x2C, 0x58, 0x56, 0x29, 0x70, 0xAA, 0x49, 0x80, 0x71, 0x95,
    0xEE, 0xEF, 0xFF, 0xDF, 0xFF, 0x7F, 0xFF, 0xDF, 0x75, 0xD5, 0xB6, 0xEE, 0xE4, 0x1C, 0x54, 0xA0,
    0x00, 0x08, 0x4A, 0xA8, 0xC1, 0x83, 0xA0, 0xC2, 0x8A, 0x04, 0x92, 0x3F, 0x8E, 0x63, 0xFF, 0xFF,
    0x6F, 0xF7, 0xBD, 0xFA, 0xFB, 0x7B, 0xDE, 0xBF, 0xEB, 0x59, 0x9B, 0xE2, 0x01, 0x0A, 0x55, 0x53,
    0x94, 0x53, 0x1A, 0x34, 0x0D, 0x1D, 0x30, 0xA9, 0x24, 0xC0, 0x70, 0x09, 0xFF, 0xFB, 0xFD, 0xFE,
    0xF7, 0xBF, 0xAF, 0xEE, 0xF7, 0xF5, 0x5D, 0xB7, 0x6E, 0xBD, 0x54, 0x50, 0x80, 0x04, 0x21, 0x8C,
    0x65, 0x49, 0x72, 0x60, 0xC4, 0x02, 0x41, 0x1F, 0x8D, 0xB4, 0xED, 0xBF, 0xFF, 0xBF, 0xFF, 0xEF,
    0xFE, 0xFF, 0xBD, 0x6E, 0xB6, 0xEC, 0xD1, 0x44, 0x01, 0x04, 0x2A, 0xA9, 0x56, 0x31, 0x92, 0x92,
    0x85, 0x0F, 0x11, 0x55, 0x24, 0xA0, 0x72, 0x49, 0xFF, 0xFF, 0x6F, 0xF7, 0xDE, 0xFE, 0xFB, 0xDA,
    0xEF, 0xDB, 0xEB, 0x5B, 0xBE, 0xBA, 0x94, 0x51, 0x00, 0x14, 0xA9, 0x46, 0x24, 0x4D, 0x2A, 0x70,
    0x44, 0xA8, 0x51, 0x4D, 0x89, 0x01, 0xFF, 0xF7, 0xFD, 0xFE, 0xFB, 0xFB, 0xEF, 0x7F, 0xFA, 0xFD,
    0xBD, 0xB6, 0x55, 0xD0, 0x41, 0x04, 0x4A, 0xA1, 0x04, 0xA8, 0xD9, 0xB0, 0x50, 0x86, 0xAA, 0x01,
    0x0A, 0x12, 0x54, 0x77, 0xEF, 0xBF, 0xFF, 0xBF, 0xFF, 0x6F, 0xBF, 0xF6, 0xAF, 0xAB, 0x56, 0xED,
    0xAA, 0xAA, 0xAA, 0xAA, 0x90, 0x0A, 0xA9, 0x53, 0x04, 0x0B, 0x87, 0x69, 0x00, 0xAA, 0x51, 0x65,
    0x2B, 0x0A, 0xFD, 0xFB, 0xEF, 0xF7, 0x6F, 0xFE, 0xF5, 0xDF, 0xFD, 0xFE, 0xEB, 0x5A, 0xF7, 0x40,
    0x00, 0x00, 0x22, 0xA4, 0x52, 0x8C, 0x5A, 0xA0, 0x58, 0x12, 0x55, 0x01, 0x24, 0x92, 0x40, 0x95,
    0xFF, 0xFF, 0x7D, 0xFF, 0xFE, 0xFF, 0xFF, 0x7D, 0xB6, 0xAB, 0xBD, 0xB7, 0x4C, 0xAA, 0xAA, 0xAA,
    0x84, 0x09, 0x85, 0x31, 0xA1, 0x55, 0x22, 0xC4, 0x80, 0x2A, 0x4A, 0x24, 0x9F, 0x4E, 0xEF, 0xBF,
    0xFF, 0xBB, 0xF7, 0xBB, 0xBF, 0xF7, 0xEF, 0xFE, 0xD6, 0xEA, 0xBB, 0x04, 0x00, 0x00, 0x29, 0x24,
    0x32, 0x46, 0x0C, 0x0A, 0x55, 0x28, 0x2A, 0x44, 0x95, 0x49, 0x20, 0xB1, 0xFF, 0xF7, 0xEF, 0xFF,
    0xBF, 0xEF, 0xED, 0xBE, 0xFD, 0x5B, 0xBB, 0xB7, 0x66, 0xA9, 0x2A, 0xAA, 0x82, 0x91, 0x44, 0x98,
    0xD1, 0x50, 0x82, 0x52, 0x80, 0x91, 0x20, 0x92, 0x9B, 0x4E, 0xFD, 0xFF, 0x7D, 0xDD, 0xFD, 0xFD,
    0xFF, 0xF7, 0xBB, 0xF6, 0xED, 0x6C, 0xDA, 0x02, 0x40, 0x00, 0x28, 0x46, 0xA9, 0x63, 0x2A, 0x05,
    0x38, 0x80, 0x15, 0x24, 0x4D, 0x24, 0x24, 0xB1, 0xEF, 0xBF, 0xFF, 0xFF, 0xDF, 0xBF, 0x76, 0xDD,
    0xEE, 0xDD, 0x56, 0xDB, 0xB5, 0x28, 0x8A, 0xAA, 0x82, 0x99, 0x12, 0x0C, 0x80, 0xAA, 0xC5, 0x55,
    0x40, 0x09, 0x22, 0x49, 0xD9, 0x4E, 0xFF, 0xFB, 0xEE, 0xF6, 0xF7, 0xFB, 0xDF, 0xFF, 0x7F, 0xB7,
    0xFB, 0xB6, 0x54, 0x45, 0x10, 0x00, 0x28, 0x24, 0x65, 0x61, 0x2A, 0x44, 0x12, 0x00, 0x15, 0x42,
    0x48, 0xAA, 0x06, 0xB1, 0xFF, 0xFF, 0xFF, 0xFF, 0xFE, 0xEF, 0xFB, 0x6D, 0xD5, 0xFD, 0x55, 0x6D,
    0xE9, 0x08, 0x22, 0xAA, 0x83, 0x51, 0x0A, 0x9A, 0x41, 0x19, 0xA8, 0x52, 0x80, 0x14, 0x92, 0x01,
    0xB9, 0x0A, 0xED, 0xDF, 0x7B, 0x7F, 0xDF, 0xFF, 0x7F, 0xFF, 0xFF, 0x57, 0xBF, 0xDB, 0x40, 0x92,
    0x44, 0x00, 0x2C, 0x8A, 0x74, 0x25, 0x0A, 0xA2, 0x44, 0x88, 0x16, 0x48, 0x25, 0x6E, 0x42, 0x75,
    0xFF, 0xFB, 0xFF, 0xEE, 0xFB, 0xBB, 0xEE, 0xD7, 0x5B, 0xFD, 0x6A, 0xB6, 0x92, 0x25, 0x09, 0x55,
    0x01, 0x54, 0x81, 0xC8, 0x92, 0x4D, 0x09, 0x32, 0x40, 0xA2, 0x88, 0x91, 0x1D, 0x8A, 0xFE, 0xFF,
    0xBF, 0xFF, 0xFF, 0xFF, 0xBF, 0xFD, 0xFE, 0xAB, 0xF5, 0x6D, 0xA5, 0x40, 0x50, 0x00, 0x5A, 0x01,
    0x56, 0x22, 0x24, 0xA0, 0x52, 0x80, 0x15, 0x00, 0x25, 0x24, 0xE2, 0x54, 0xEF, 0xFF, 0xF7, 0x77,
    0xDE, 0xED, 0xF7, 0x7F, 0xD7, 0xFF, 0x5F, 0xDB, 0x08, 0x15, 0x02, 0xAA, 0xA4, 0xAD, 0x28, 0x94,
    0x93, 0x1A, 0x04, 0x55, 0x40, 0x54, 0x8A, 0xDB, 0x0C, 0xA3, 0xFF, 0xED, 0xFF, 0xFE, 0xF7, 0xFF,
    0xFD, 0xEB, 0x7D, 0x5A, 0xAA, 0xB6, 0x44, 0x88, 0xA4, 0x00, 0x09, 0x52, 0x55, 0x49, 0x24, 0xA0,
    0xAA, 0xA0, 0x25, 0x01, 0x55, 0x04, 0x53, 0x1C, 0xFE, 0xFF, 0xBD, 0xBF, 0xFF, 0xB7, 0x6F, 0xBF,
    0xDF, 0xF7, 0xFD, 0x6A, 0x11, 0x26, 0x09, 0x52, 0xE2, 0x28, 0xA2, 0xB2, 0x4A, 0x44, 0x01, 0x0A,
    0x8A, 0x16, 0x28, 0xB9, 0xA4, 0xE1, 0xEF, 0xFF, 0xFF, 0xF7, 0x7D, 0xFF, 0xFF, 0xFE, 0xFA, 0xDE,
    0xA7, 0xDD, 0x4A, 0x51, 0x40, 0x04, 0x14, 0xC3, 0x4D, 0x04, 0x91, 0xA0, 0x8A, 0x40, 0x30, 0x80,
    0xC7, 0x46, 0x59, 0x0E, 0xFF, 0xDF, 0xF7, 0xFF, 0xEF, 0xFD, 0xBA, 0xEB, 0xAF, 0xF5, 0xFB, 0x68,
    0x10, 0x86, 0x12, 0x50, 0x89, 0x1C, 0x90, 0x69, 0x6A, 0x09, 0x20, 0xAA, 0x84, 0x55, 0x38, 0xB0,
    0x82, 0xB1, 0xFE, 0xFD, 0xBF, 0xBB, 0xFF, 0x6F, 0xFF, 0xBF, 0xFE, 0xBF, 0xAD, 0xB9, 0x44, 0x11,
    0x49, 0x09, 0x52, 0xA1, 0x2B, 0x12, 0x04, 0xA0, 0x15, 0x01, 0x21, 0x22, 0x43, 0x0D, 0x34, 0x4A,
    0xEF, 0xEF, 0xFD, 0xFF, 0x7B, 0xFE, 0xF7, 0xFE, 0xEB, 0xD5, 0x76, 0xD2, 0x91, 0x44, 0x24, 0xA2,
    0x24, 0x16, 0x40, 0x44, 0xDA, 0x4A, 0x4A, 0x52, 0x54, 0x4D, 0x9C, 0xB2, 0xCA, 0x95, 0xFF, 0xFF,
    0xFF, 0xDF, 0xEF, 0xBB, 0xDE, 0xEB, 0xBE, 0xFF, 0xDB, 0xA4, 0x2A, 0xA2, 0x8A, 0x08, 0x52, 0xE8,
    0xAA, 0xA9, 0x25, 0x80, 0x10, 0x24, 0x01, 0x10, 0x61, 0x44, 0x10, 0x28, 0xFE, 0xFF, 0xB7, 0xFB,
    0xFD, 0xFF, 0xFF, 0xBF, 0xFB, 0xAA, 0xED, 0x6A, 0x80, 0x09, 0x21, 0x45, 0x88, 0x05, 0x15, 0x12,
    0x50, 0x12, 0x82, 0xC0, 0xAA, 0x67, 0x8E, 0x99, 0xA4, 0x83, 0xEF, 0xFD, 0xFE, 0xFF, 0x7F, 0xF7,
    0x75, 0xFD, 0x6F, 0xFF, 0xB7, 0xD1, 0x2A, 0xA4, 0x52, 0x10, 0x23, 0xBA, 0x20, 0x65, 0x27, 0x40,
    0x28, 0x0A, 0x40, 0x88, 0x30, 0x66, 0x48, 0x14, 0xFF, 0xDF, 0xFF, 0xDF, 0xEF, 0xBF, 0xFF, 0xD7,
    0xFD, 0x55, 0x5D, 0x44, 0x41, 0x11, 0x04, 0xA9, 0x54, 0x40, 0xCD, 0x88, 0xC8, 0x95, 0x02, 0x90,
    0x96, 0xB2, 0xC7, 0x88, 0x92, 0x81, 0xFE, 0xFF, 0xEF, 0xFB, 0xFD, 0xFD, 0xDF, 0x7F, 0xD7, 0xFF,
    0xF6, 0xAA, 0x94, 0x4A, 0x91, 0x42, 0x0A, 0x94, 0x12, 0x33, 0x15, 0x00, 0x4C, 0x45, 0x20, 0x45,
    0x18, 0x35, 0x20, 0x2A, 0xEF, 0xEF, 0x7D, 0xFF, 0x7F, 0xEF, 0xFD, 0xFD, 0x7E, 0xAD, 0x5B, 0x80,
    0x49, 0x20, 0x44, 0x08, 0xB1, 0x62, 0xE4, 0xCC, 0x68, 0x14, 0x11, 0x12, 0x47, 0x9A, 0xA2, 0xC2,
    0x44, 0x04, 0xFF, 0xFF, 0xFF, 0xDF, 0xEF, 0xBF, 0x77, 0xF7, 0xEB, 0xFB, 0xED, 0x2D, 0x22, 0x8A,
    0xB2, 0x95, 0x46, 0x09, 0x13, 0x11, 0x92, 0xA1, 0x62, 0x44, 0xB8, 0x24, 0x55, 0x1C, 0x91, 0x41,
    0xFD, 0xF7, 0xEE, 0xFD, 0xFB, 0xFD, 0xFF, 0x5F, 0xBF, 0xAF, 0x57, 0x00, 0x88, 0x50, 0x08, 0x42,
    0x19, 0x52, 0x4C, 0x66, 0x24, 0x0A, 0x09, 0x1B, 0x03, 0x49, 0xAA, 0x61, 0x00, 0x0A, 0xFF, 0xBE,
    0xFF, 0xEF, 0xBE, 0xF7, 0xBD, 0xFA, 0xFA, 0xFA, 0xFD, 0x2A, 0x54, 0x85, 0x22, 0xAC, 0xE2, 0x04,
    0xB1, 0x88, 0xD2, 0x50, 0x94, 0xA4, 0xB4, 0x36, 0x44, 0x8A, 0x54, 0x21, 0xEF, 0xFF, 0xFB, 0xFF,
    0xFF, 0xFF, 0xEF, 0xEF, 0xEF, 0x6F, 0xD6, 0x45, 0x02, 0x2A, 0x49, 0x11, 0x14, 0xD1, 0x46, 0x37,
    0x08, 0x02, 0x21, 0x29, 0x49, 0x80, 0x99, 0x24, 0x80, 0x84, 0xFF, 0xFF, 0xFF, 0xBD, 0xF7, 0xDF,
    0x7F, 0xBF, 0xBB, 0xFA, 0xBA, 0x88, 0x69, 0x50, 0x92, 0x6A, 0xA0, 0x06, 0x28, 0x80, 0x51, 0x54,
    0xAC, 0xC6, 0x94, 0x55, 0x22, 0x4A, 0x22, 0x11, 0xFD, 0xF6, 0xDF, 0xFF, 0xBE, 0xFD, 0xFA, 0xFA,
    0xFE, 0xAF, 0xEC, 0x21, 0x04, 0x02, 0x24, 0x82, 0x4A, 0xA9, 0x53, 0x56, 0xA4, 0x01, 0x53, 0x18,
    0x52, 0xAA, 0x54, 0xA0, 0x88, 0x4A, 0xFF, 0xBF, 0xFE, 0xF7, 0xFF, 0xEF, 0xEF, 0xEF, 0xAF, 0xF5,
    0x59, 0x4A, 0x52, 0x94, 0x89, 0x34, 0x95, 0x12, 0xA4, 0x29, 0x40, 0xAC, 0x84, 0x65, 0xA5, 0x00,
    0x81, 0x0E, 0x41, 0x00, 0xEF, 0xFF, 0xEF, 0xFF, 0xEF, 0x7F, 0xBF, 0xBF, 0xFA, 0xBF, 0xF2, 0x90,
    0x88, 0x41, 0x24, 0x49, 0x40, 0x24, 0x09, 0x52, 0x2A, 0x13, 0x39, 0x8A, 0x08, 0x52, 0x14, 0xA1,
    0x94, 0x12, 0xFF, 0xFE, 0xFF, 0xBB, 0x7B, 0xFB, 0xFD, 0xFA, 0xBF, 0xEA, 0xA8, 0x25, 0x22, 0xAA,
    0x4A, 0x92, 0x15, 0x48, 0xB2, 0x44, 0xC0, 0xA4, 0x46, 0x34, 0xF5, 0xA4, 0xA2, 0x1C, 0x21, 0x44,
    0xFD, 0xF7, 0xFB, 0xFF, 0xFF, 0xEE, 0xEF, 0x7F, 0xEB, 0xBF, 0xF2, 0x88, 0x54, 0x04, 0x90, 0x48,
    0xA0, 0x12, 0x44, 0x98, 0x15, 0x55, 0xA8, 0xC9, 0x08, 0x09, 0x09, 0x63, 0x48, 0x11, 0xFF, 0xBF,
    0xBF, 0xEF, 0xBD, 0xFF, 0xFF, 0xD7, 0xFE, 0xEA, 0x84, 0x22, 0x81, 0x29, 0x22, 0x95, 0x09, 0x44,
    0xA5, 0x25, 0x02, 0x20, 0x55, 0x22, 0xE3, 0xA0, 0x24, 0x8C, 0xA4, 0x44, 0xEF, 0xFF, 0xFE, 0xFD,
    0xF7, 0xBF, 0xBB, 0xFE, 0xBB, 0xBF, 0x22, 0x94, 0x5A, 0x92, 0x49, 0x20, 0x54, 0x11, 0x4A, 0x90,
    0x54, 0x8F, 0x8A, 0x9D, 0x1C, 0x4A, 0x89, 0x31, 0x00, 0x91, 0xFF, 0xFE, 0xF7, 0xFF, 0xFF, 0xFD,
    0xEF, 0x7B, 0xEF, 0xEA, 0x88, 0x41, 0x00, 0x28, 0x84, 0x85, 0x02, 0x85, 0x10, 0x2A, 0xA0, 0x50,
    0x31, 0x62, 0x62, 0x90, 0x46, 0xC6, 0x2A, 0x02, 0xFD, 0xF7, 0xFF, 0xBF, 0xBE, 0xEF, 0xFD, 0xEF,
    0xBA, 0xBC, 0x55, 0x14, 0x94, 0x85, 0x2A, 0x50, 0x54, 0x5A, 0x46, 0xC0, 0x0A, 0xAA, 0xC6, 0x15,
    0x95, 0x25, 0x39, 0x18, 0x80, 0x28, 0xFF, 0xBF, 0xDF, 0xFB, 0xF7, 0xFE, 0xFF, 0xBE, 0xFF, 0xF9,
    0x00, 0x82, 0x42, 0x50, 0x50, 0x8A, 0x01, 0x00, 0x99, 0x25, 0x44, 0x45, 0x19, 0xEA, 0x6A, 0x4A,
    0x42, 0x64, 0x24, 0x81, 0xEF, 0xFF, 0xFD, 0xDF, 0xFF, 0xB7, 0xDB, 0xFB, 0xEB, 0xA0, 0x95, 0x29,
    0x19, 0x09, 0x83, 0x11, 0x54, 0x52, 0x22, 0x50, 0x29, 0x1A, 0x62, 0x14, 0x84, 0x94, 0xAD, 0x89,
    0x00, 0x24, 0xFF, 0xFE, 0xFF, 0xFD, 0xBE, 0xFF, 0xFF, 0x6F, 0xBE, 0xEA, 0x48, 0x54, 0x44, 0x54,
    0x54, 0x44, 0xA1, 0x04, 0xAC, 0x81, 0x50, 0xA0, 0x9D, 0xEB, 0x59, 0x41, 0x52, 0x32, 0x54, 0x80,
    0xFD, 0xF7, 0xF7, 0x7F, 0xF7, 0xFB, 0x6F, 0xFE, 0xF7, 0xD1, 0x21, 0x02, 0x91, 0x02, 0x0A, 0x12,
    0x0A, 0x51, 0x41, 0x2A, 0x03, 0x4E, 0xA2, 0x14, 0xA6, 0x1E, 0xAC, 0xC8, 0x00, 0x12, 0xFF, 0xBF,
    0xBF, 0xEF, 0xFF, 0xDF, 0xFD, 0xDB, 0xDC, 0xA4, 0x8A, 0x55, 0x24, 0xA5, 0x50, 0xA8, 0xA0, 0x86,
    0x8A, 0x81, 0x54, 0x11, 0x54, 0xC9, 0x51, 0x61, 0x41, 0x12, 0x92, 0x40, 0xEF, 0xFF, 0xFF, 0xFF,
    0x7B, 0xFF, 0xBF, 0xFF, 0x7A, 0x0A, 0x24, 0xA0, 0x11, 0x10, 0xA2, 0x45, 0x4A, 0x10, 0x15, 0x14,
    0x00, 0x56, 0xAB, 0x36, 0xAE, 0x94, 0x9A, 0x40, 0x20, 0x08, 0xFF, 0xFB, 0xFD, 0xF7, 0xEF, 0x6E,
    0xF6, 0xBB, 0xD0, 0xA0, 0x88, 0x05, 0x44, 0x4A, 0x08, 0x92, 0x00, 0xA5, 0x20, 0x28, 0x95, 0x81,
    0x44, 0xC9, 0x51, 0x6B, 0x25, 0xB5, 0x02, 0xA2, 0xFE, 0xFF, 0xEF, 0xBF, 0xFF, 0xFF, 0xFF, 0xEF,
    0xEA, 0x4A, 0x22, 0xA8, 0xA9, 0x25, 0x25, 0x24, 0x55, 0x08, 0x4E, 0x42, 0x00, 0x5E, 0x3A, 0x16,
    0x8A, 0x04, 0xD2, 0x00, 0x48, 0x00, 0xFF, 0xDE, 0xFF, 0xFB, 0xBD, 0xF7, 0xDB, 0xFD, 0x44, 0x91,
    0x55, 0x12, 0x02, 0x88, 0x50, 0x08, 0x80, 0x41, 0x21, 0x08, 0xA9, 0x21, 0xC5, 0xE9, 0x75, 0xFB,
    0x0C, 0xC5, 0x00, 0xA8, 0xEF, 0xFF, 0xFD, 0xFF, 0xFF, 0xBF, 0x7F, 0xB7, 0x99, 0x24, 0x00, 0x45,
    0x28, 0x22, 0x85, 0x51, 0x2A, 0x2A, 0x4C, 0x52, 0x02, 0x56, 0x18, 0x06, 0x89, 0x00, 0x73, 0x28,
    0x11, 0x00, 0xFF, 0xFF, 0x7F, 0xDD, 0xF7, 0xFB, 0xF6, 0xFE, 0x42, 0x42, 0xA5, 0x20, 0x42, 0x91,
    0x10, 0x22, 0x10, 0x80, 0x92, 0x01, 0x54, 0x89, 0x67, 0xB9, 0x32, 0x6F, 0x84, 0x42, 0x84, 0x54,
    0xFD, 0xF7, 0xF7, 0xFF, 0xBF, 0xDF, 0xFF, 0xDB, 0x14, 0x94, 0x48, 0x95, 0x14, 0x24, 0x25, 0x48,
    0xA2, 0x55, 0x24, 0x94, 0x01, 0x52, 0x88, 0x42, 0xC4, 0x90, 0x39, 0x88, 0x20, 0x80, 0xFF, 0xBF,
    0xFE, 0xF7, 0xFB, 0x7E, 0xEE, 0xFE, 0xA9, 0x29, 0x12, 0x22, 0x40, 0x8A, 0x42, 0x42, 0x05, 0x02,
    0xD8, 0x21, 0x28, 0xA5, 0x35, 0x9D, 0x1B, 0x6D, 0xC6, 0x11, 0x41, 0x2A, 0xEF, 0xFB, 0xBF, 0xFF,
    0xDF, 0xF7, 0xBF, 0xBC, 0x42, 0x42, 0x44, 0x88, 0xAA, 0x21, 0x14, 0xA8, 0xA8, 0x54, 0x22, 0x84,
    0x82, 0x14, 0xCA, 0x60, 0xE4, 0x92, 0x19, 0x24, 0x14, 0x40, 0xFF, 0xFF, 0xFF, 0xBE, 0xFF, 0xFF,
    0xF7, 0xE3, 0x14, 0x88, 0x91, 0x24, 0x15, 0x4A, 0xA9, 0x02, 0x01, 0x25, 0xCC, 0x11, 0x29, 0x21,
    0x24, 0x8F, 0x11, 0x24, 0xE2, 0x48, 0x80, 0x10, 0xFE, 0xFF, 0xFB, 0xFF, 0xFB, 0x6E, 0xFD, 0xE8,
    0xA9, 0x22, 0x44, 0x52, 0xA0, 0x10, 0x02, 0x55, 0x54, 0xC9, 0x31, 0x40, 0x40, 0x8A, 0x59, 0x50,
    0xEA, 0x5B, 0x0D, 0x02, 0x2A, 0xA2, 0xFF, 0xDE, 0xDF, 0xDB, 0x7F, 0xFF, 0xEF, 0x16, 0x42, 0x55,
    0x29, 0x09, 0x49, 0x42, 0xA8, 0x80, 0x01, 0x12, 0x44, 0x2A, 0x0A, 0x55, 0xA6, 0xAD, 0x14, 0x84,
    0x70, 0x90, 0x80, 0x08, 0xEF, 0xFF, 0xFE, 0xFF, 0xEF, 0xFB, 0xBE, 0xA0, 0x94, 0x80, 0x82, 0x56,
    0x92, 0x28, 0x42, 0x15, 0xA5, 0x2A, 0xA9, 0x40, 0x91, 0x2A, 0x09, 0x52, 0xE9, 0x59, 0x85, 0x42,
    0x0A, 0x21, 0xFF, 0xF7, 0xFF, 0xFF, 0xFE, 0xDF, 0xFD, 0x55, 0x2A, 0x25, 0x28, 0xA1, 0x24, 0x82,
    0x90, 0xA0, 0x08, 0x81, 0x10, 0x15, 0x24, 0x80, 0xF6, 0x24, 0x16, 0xA6, 0x22, 0x28, 0xA0, 0x44,
    0xFB, 0xFF, 0xF7, 0xDF, 0x77, 0xFE, 0xF6, 0xAA, 0x41, 0x48, 0x45, 0x0E, 0x49, 0x2C, 0x2A, 0x05,
    0x54, 0x2E, 0xA5, 0x40, 0x41, 0x2A, 0x01, 0xDB, 0xC8, 0x50, 0xC8, 0x41, 0x0A, 0x91, 0xFF, 0x7F,
    0x7F, 0xFB, 0xFF, 0xF7, 0xBE, 0x51, 0x1A, 0x91, 0x10, 0x70, 0xA4, 0x41, 0x00, 0xA8, 0x01, 0x50,
    0x40, 0x15, 0x14, 0x51, 0xDE, 0x24, 0x35, 0x8F, 0x22, 0x94, 0x40, 0x00, 0xFF, 0xFB, 0xFD, 0xFF,
    0xBD, 0xBF, 0xF8, 0x9A, 0x64, 0x24, 0xAA, 0x86, 0x8A, 0x98, 0x52, 0x01, 0x5A, 0x05, 0x8A, 0x40,
    0x81, 0x06, 0x20, 0xCB, 0x4A, 0x70, 0x54, 0x21, 0x12, 0x24, 0xEF, 0xBF, 0xBF, 0xDD, 0xFF, 0xFB,
    0xC3, 0x44, 0x8A, 0x8A, 0x41, 0x39, 0x51, 0x25, 0x09, 0x4A, 0x04, 0x92, 0x10, 0x95, 0x24, 0xD8,
    0xCF, 0x34, 0x90, 0x84, 0x81, 0x08, 0x44, 0x81, 0xFF, 0xFF, 0xFE, 0xFF, 0xF7, 0xEF, 0xAC, 0x29,
    0x35, 0x51, 0x1A, 0x82, 0x24, 0x50, 0xA2, 0x20, 0x78, 0x25, 0x45, 0x00, 0x49, 0x25, 0x30, 0x43,
    0x6F, 0x49, 0x14, 0xA2, 0x11, 0x08, 0xFB, 0xFF, 0xEF, 0xF7, 0xBF, 0x7D, 0x51, 0x56, 0x42, 0xA4,
    0x44, 0x34, 0xD2, 0x86, 0x54, 0x8A, 0x81, 0x54, 0x10, 0x55, 0x12, 0x8A, 0x4B, 0xBC, 0x90, 0x12,
    0x42, 0x00, 0xA4, 0x42, 0xFF, 0xED, 0xFF, 0xFF, 0xFB, 0xFE, 0x26, 0x88, 0xAD, 0x0A, 0x90, 0xC9,
    0x25, 0x21, 0x09, 0x50, 0x54, 0x0A, 0xA5, 0x00, 0x44, 0x69, 0xB4, 0x42, 0x4D, 0xE4, 0xA5, 0x2A,
    0x09, 0x08, 0xFE, 0xFF, 0xF7, 0xDE, 0xDF, 0xEC, 0xC8, 0x53, 0x02, 0x61, 0x2B, 0x25, 0xCA, 0x54,
    0x90, 0x04, 0x92, 0xB0, 0x00, 0x55, 0x11, 0x96, 0x4A, 0xAD, 0xB2, 0x15, 0x08, 0x40, 0x40, 0x00,
    0xEF, 0xFF, 0x7E, 0xFF, 0xFF, 0x7B, 0x12, 0xA4, 0xEC, 0x8A, 0x44, 0x8A, 0x29, 0x09, 0x25, 0x51,
    0x29, 0x4A, 0xA9, 0x00, 0x46, 0x20, 0x95, 0x52, 0x44, 0xA2, 0x61, 0x12, 0x92, 0x54, 0xFF, 0xFF,
    0xFF, 0xFB, 0xFB, 0xFC, 0x65, 0x09, 0x12, 0x34, 0x99, 0x34, 0xD4, 0xA0, 0x50, 0x04, 0x42, 0x90,
    0x02, 0x55, 0x11, 0x5F, 0x6A, 0xA4, 0x9B, 0x54, 0x8A, 0x40, 0x20, 0x01, 0xFF, 0xBB, 0xBF, 0xDF,
    0x7F, 0xD9, 0x9A, 0x75, 0x4D, 0x41, 0x22, 0x41, 0x2A, 0x15, 0x06, 0x52, 0xAC, 0x64, 0xA8, 0x00,
    0x84, 0xA0, 0x95, 0x1B, 0x60, 0x89, 0x50, 0x14, 0x89, 0x40, 0xFD, 0xFF, 0xFD, 0xFF, 0xEE, 0xFA,
    0x60, 0x88, 0xB2, 0x9A, 0x54, 0x9A, 0xD0, 0xA0, 0x55, 0x05, 0x13, 0x81, 0x02, 0xA9, 0x2A, 0x17,
    0x68, 0xE4, 0x97, 0x32, 0x05, 0x41, 0x20, 0x14, 0xFF, 0xFF, 0xEF, 0xFB, 0xFF, 0xEA, 0x8F, 0x53,
    0x45, 0x44, 0x89, 0x45, 0x25, 0x4A, 0xA8, 0x50, 0x68, 0x54, 0x28, 0x02, 0x41, 0x68, 0x07, 0x09,
    0x28, 0x44, 0x90, 0x04, 0x04, 0x81, 0xEF, 0xDD, 0xFF, 0x7F, 0xB7, 0xB0, 0x58, 0x2C, 0x1A, 0x29,
    0x52, 0xAA, 0xCA, 0x15, 0x55, 0x05, 0x97, 0x81, 0x45, 0x54, 0x92, 0x93, 0xF8, 0x75, 0x52, 0x99,
    0x22, 0x51, 0x50, 0x24, 0xFF, 0xFF, 0xFF, 0xED, 0xFF, 0xE7, 0xA2, 0xC2, 0xE1, 0x52, 0x24, 0x15,
    0x20, 0xA0, 0xA8, 0x52, 0x68, 0x28, 0x10, 0x01, 0x04, 0x4C, 0x03, 0x8A, 0x85, 0x60, 0x04, 0x82,
    0x02, 0x80, 0xFE, 0xFF, 0xBD, 0xFF, 0xFD, 0xD0, 0x1D, 0x1D, 0x16, 0x85, 0x4A, 0xAA, 0x95, 0x4F,
    0x52, 0xAD, 0x15, 0x02, 0x85, 0x54, 0x50, 0x93, 0x6C, 0x30, 0x5A, 0x05, 0x48, 0x14, 0x10, 0x09,
    0xFF, 0xEF, 0xFF, 0xFF, 0xB7, 0x2D, 0x62, 0xA2, 0x69, 0x58, 0x95, 0x25, 0x28, 0x30, 0xA9, 0x02,
    0xEA, 0x55, 0x28, 0x02, 0x85, 0x24, 0x91, 0xC6, 0xA0, 0xD0, 0x11, 0x40, 0x82, 0x20, 0xF7, 0xFD,
    0xDF, 0x6F, 0xFE, 0xC2, 0x9C, 0x5D, 0x92, 0x23, 0x20, 0x5A, 0x42, 0xC7, 0x44, 0x7D, 0x14, 0x20,
    0x41, 0x54, 0x10, 0x49, 0x2A, 0x19, 0x57, 0x02, 0x82, 0x09, 0x28, 0x89, 0xFF, 0xFF, 0xFF, 0xFE,
    0xFF, 0x19, 0x43, 0x80, 0x6C, 0xC4, 0x4D, 0xA5, 0x2D, 0x18, 0x2B, 0x82, 0xE8, 0x85, 0x12, 0x01,
    0x45, 0x12, 0x54, 0xA4, 0x88, 0x28, 0x24, 0xA0, 0x00, 0x20, 0xFF, 0x7F, 0xFB, 0xF7, 0xEE, 0x66,
    0x3C, 0x3F, 0x93, 0x39, 0xA2, 0x4A, 0x40, 0x27, 0x84, 0x7D, 0x11, 0x48, 0x84, 0x54, 0x90, 0x44,
    0x81, 0x51, 0x32, 0x40, 0x88, 0x0A, 0x55, 0x04, 0xF7, 0xEF, 0x7F, 0x7F, 0x7E, 0x91, 0xC3, 0x40,
    0x24, 0x42, 0x09, 0xB0, 0x9B, 0xD9, 0x6B, 0x06, 0xEA, 0x22, 0x50, 0x82, 0x05, 0x29, 0x16, 0x06,
    0xC4, 0x0A, 0x22, 0xA0, 0x80, 0x51, 0xFF, 0xFF, 0xFF, 0xFF, 0xFA, 0xAA, 0x3C, 0xAA, 0xC9, 0x94,
    0xB6, 0x4A, 0x84, 0x24, 0x90, 0x79, 0x40, 0x49, 0x0A, 0x14, 0xA0, 0x44, 0x69, 0x58, 0x18, 0xA1,
    0x15, 0x14, 0x14, 0x00, 0xFF, 0xFB, 0xEF, 0xDD, 0xE8, 0x24, 0xC3, 0x55, 0x16, 0x6A, 0x40, 0xA4,
    0x51, 0xEA, 0x6F, 0xC6, 0xBA, 0x92, 0xA0, 0xA0, 0x09, 0x12, 0x94, 0x25, 0xA2, 0x04, 0xA0, 0x62,
    0xA1, 0x0A, 0xF7, 0x7F, 0xFF, 0xFF, 0xF7, 0xDB, 0x3C, 0x88, 0xA0, 0x80, 0x97, 0x49, 0x2F, 0x95,
    0x00, 0x39, 0x54, 0x04, 0x15, 0x05, 0x52, 0x45, 0x21, 0xCA, 0x40, 0x28, 0x09, 0x08, 0x08, 0x40,
    0xFF, 0xFF, 0x76, 0xEF, 0xB0, 0x00, 0xC3, 0x33, 0x17, 0x5A, 0x28, 0x92, 0x9E, 0xE2, 0xDB, 0x82,
    0xA7, 0xF1, 0x40, 0x50, 0x04, 0xAA, 0x54, 0x14, 0x85, 0x01, 0x24, 0x55, 0x22, 0x11, 0xFF, 0xEF,
    0xFF, 0xFD, 0xEE, 0xB7, 0x3C, 0x44, 0x68, 0xA5, 0x53, 0x24, 0x77, 0xED, 0x24, 0x55, 0x58, 0xAE,
    0xA9, 0x0A, 0xA0, 0x11, 0xA9, 0xA9, 0x10, 0x4A, 0x40, 0x00, 0x48, 0x84, 0xF7, 0xFF, 0xFF, 0x7F,
    0xC1, 0x48, 0xC3, 0xAA, 0x83, 0x10, 0x84, 0x48, 0xCD, 0xB3, 0x4B, 0xA0, 0xA5, 0x7D, 0x02, 0x40,
    0x0A, 0xA6, 0x12, 0x42, 0x41, 0x00, 0x0A, 0x92, 0x80, 0x10, 0xFF, 0x7B, 0xDF, 0xFF, 0x7C, 0xA7,
    0x3C, 0x11, 0x5C, 0xA7, 0x35, 0x93, 0xBB, 0x7C, 0xB0, 0x09, 0x4A, 0x87, 0xF0, 0x14, 0xA1, 0x18,
    0xE5, 0x2C, 0x04, 0x14, 0x90, 0x48, 0x09, 0x41, 0xFF, 0xFF, 0xFD, 0xED, 0x83, 0x18, 0xC1, 0x6A,
    0x22, 0x48, 0x48, 0x24, 0x66, 0xDF, 0x57, 0xF6, 0x90, 0xFD, 0x6D, 0x40, 0x04, 0x63, 0x08, 0x50,
    0x90, 0x40, 0x41, 0x25, 0x24, 0x14, 0xF7, 0xFE, 0xFF, 0xFF, 0x7C, 0xA7, 0x1E, 0x85, 0x48, 0x92,
    0x91, 0x4F, 0x9B, 0x2A, 0xA8, 0x00, 0x27, 0x27, 0xBA, 0x65, 0x2A, 0x8C, 0x52, 0x82, 0x01, 0x22,
    0x0A, 0x48, 0x01, 0x00, 0xFF, 0xEF, 0xEF, 0xBE, 0x82, 0x50, 0xE1, 0x28, 0x95, 0x29, 0x66, 0x94,
    0xF6, 0xDD, 0x5D, 0x6D, 0x48, 0xED, 0x6F, 0x9A, 0x91, 0x51, 0xA5, 0x28, 0xA4, 0x08, 0xA4, 0x12,
    0x90, 0x45, 0xFE, 0xFF, 0xFF, 0xF4, 0xFD, 0x8F, 0x1A, 0x55, 0x22, 0x42, 0x08, 0x2F, 0x09, 0x27,
    0x02, 0x92, 0x92, 0x33, 0xD5, 0x64, 0x26, 0x96, 0x00, 0x40, 0x00, 0x82, 0x11, 0xA0, 0x05, 0x00,
    0xFF, 0xFD, 0xFD, 0xF9, 0x02, 0x70, 0xE4, 0xA2, 0x4C, 0xAD, 0x53, 0xD0, 0xD5, 0xDB, 0xD4, 0x09,
    0x25, 0xAC, 0x7F, 0xDB, 0xC8, 0x29, 0x55, 0x14, 0x8A, 0x28, 0x44, 0x4A, 0x50, 0x12, 0xF7, 0xFF,
    0xBF, 0xF6, 0xFC, 0x8F, 0x0B, 0x4C, 0x91, 0x10, 0xA4, 0xAF, 0x2A, 0x24, 0x69, 0xF2, 0x94, 0x4F,
    0xAA, 0xF4, 0x37, 0xD2, 0x00, 0x41, 0x20, 0x02, 0x91, 0x10, 0x8A, 0x40, 0xFF, 0x7F, 0xFF, 0x79,
    0x03, 0x20, 0xF0, 0x11, 0x24, 0xA5, 0x5B, 0x58, 0xD1, 0xDB, 0xB5, 0x05, 0x21, 0x32, 0xDF, 0xBF,
    0xEA, 0xA8, 0xA9, 0x04, 0x08, 0xA5, 0x28, 0x45, 0x20, 0x05, 0xFF, 0xF7, 0xEF, 0xE6, 0xFC, 0xDF,
    0x0D, 0x6A, 0xA9, 0x1A, 0x24, 0xA7, 0x2A, 0x20, 0x5A, 0x7A, 0x46, 0x85, 0x39, 0xD5, 0x5D, 0x74,
    0x00, 0x51, 0x42, 0x08, 0x41, 0x12, 0x48, 0xA0, 0xFF, 0xFF, 0xFF, 0xD9, 0x03, 0x20, 0xD2, 0x85,
    0x16, 0x64, 0xDB, 0x58, 0xCD, 0x5D, 0x14, 0x84, 0xA9, 0x6A, 0xC6, 0xFF, 0xFB, 0xAE, 0xA2, 0x00,
    0x00, 0x82, 0x94, 0xA4, 0x92, 0x01, 0xF7, 0x7E, 0xF7, 0xA6, 0xFC, 0x4F, 0x28, 0x58, 0xA0, 0x91,
    0x04, 0xA3, 0x12, 0xA2, 0xAD, 0x39, 0x12, 0x15, 0xBD, 0x2A, 0xD6, 0x70, 0x48, 0x95, 0x2A, 0x28,
    0x01, 0x49, 0x60, 0x2A, 0xFF, 0xFF, 0xFF, 0x59, 0x03, 0xB8, 0x47, 0xA2, 0x4D, 0x66, 0x69, 0x5C,
    0x6D, 0x1C, 0x42, 0x46, 0x64, 0xC2, 0x4B, 0xDF, 0xBD, 0x9F, 0x92, 0x40, 0x40, 0x03, 0x2A, 0x1E,
    0x8A, 0x80, 0xFF, 0xF7, 0x7B, 0xA6, 0xFC, 0x42, 0x98, 0x1D, 0x22, 0x08, 0x92, 0xA2, 0x92, 0x61,
    0x9C, 0xA8, 0x99, 0x34, 0xB5, 0x75, 0xEA, 0xE5, 0x28, 0x09, 0x02, 0xA8, 0x55, 0x41, 0x50, 0x22,
    0xFF, 0x7F, 0xFF, 0x59, 0x01, 0xB5, 0x62, 0xE2, 0x88, 0xD3, 0x24, 0x4C, 0xE4, 0x9E, 0x73, 0x13,
    0x42, 0x8B, 0x2F, 0x6E, 0xBF, 0x1E, 0xD6, 0xA0, 0x10, 0x02, 0x80, 0x8A, 0xA2, 0x88, 0xF7, 0xFF,
    0xBE, 0x66, 0xFE, 0x4A, 0x0D, 0x14, 0x75, 0x28, 0x4A, 0x93, 0x1B, 0x21, 0x8C, 0xA8, 0x15, 0x34,
    0xC5, 0x9D, 0xDA, 0xF1, 0xA1, 0x0A, 0x45, 0x54, 0x55, 0x20, 0x48, 0x22, 0xFF, 0xF7, 0xFD, 0x99,
    0x00, 0x90, 0xD0, 0xAA, 0x8A, 0x82, 0xA1, 0x24, 0xE0, 0xD6, 0x71, 0x52, 0xA8, 0x43, 0x7A, 0xF6,
    0xB7, 0x8E, 0x5C, 0xC0, 0x90, 0x0A, 0x8A, 0x05, 0x12, 0x88, 0xFF, 0xFF, 0xDD, 0x66, 0xBD, 0x6F,
    0x2B, 0x41, 0x74, 0x39, 0x4C, 0x4B, 0x1A, 0x20, 0xCE, 0x2C, 0x42, 0x9D, 0xD7, 0x6B, 0xFD, 0x71,
    0xA1, 0x2A, 0x02, 0xA1, 0x30, 0x48, 0x24, 0x22, 0xFF, 0x7D, 0xFA, 0x99, 0x42, 0x80, 0x44, 0x3E,
    0x81, 0xC4, 0x12, 0x90, 0x65, 0x8D, 0x31, 0x57, 0x15, 0x20, 0x3C, 0xDE, 0xAF, 0xC6, 0x4C, 0x00,
    0x28, 0x0A, 0x45, 0x02, 0x81, 0x50, 0xF7, 0xFF, 0xE9, 0xA6, 0xBD, 0x3D, 0xB9, 0xC1, 0x5E, 0x1B,
    0x45, 0x4A, 0x90, 0x32, 0xAA, 0x05, 0xE8, 0x4D, 0xEF, 0xBB, 0x75, 0x78, 0x92, 0xAD, 0x41, 0x44,
    0x80, 0x14, 0x08, 0x0A, 0xFF, 0xEF, 0xFE, 0x59, 0x4F, 0xE2, 0x46, 0x2C, 0xA0, 0xE4, 0x28, 0x91,
    0x65, 0x48, 0x1D, 0xE9, 0x52, 0x92, 0x13, 0x4E, 0xDF, 0xD7, 0xE8, 0x02, 0x92, 0x29, 0x15, 0x40,
    0xA1, 0x50, 0xFF, 0xFE, 0xFF, 0xA6, 0xBB, 0x9D, 0xB9, 0x73, 0x16, 0x0B, 0xD2, 0x26, 0x0A, 0xA6,
    0xA2, 0x15, 0x6D, 0x25, 0xEC, 0xF3, 0xAB, 0x7C, 0x17, 0x49, 0x24, 0x92, 0x40, 0x29, 0x0C, 0x00,
    0xFF, 0x7F, 0xF5, 0x7B, 0x66, 0xF6, 0xC6, 0x9C, 0x69, 0xB4, 0x05, 0x48, 0xD0, 0x09, 0x55, 0xC1,
    0x5A, 0x58, 0x19, 0x5E, 0xFD, 0xEB, 0xE8, 0x94, 0x41, 0x44, 0x01, 0x02, 0x20, 0x95, 0xF7, 0xFF,
    0x7F, 0xCD, 0xDD, 0xED, 0xB9, 0x6E, 0x92, 0x42, 0xF2, 0x92, 0x26, 0xD2, 0x0D, 0x2A, 0xB7, 0xA7,
    0xE6, 0xAD, 0xAA, 0xBE, 0x5F, 0x62, 0xA8, 0x10, 0x94, 0x48, 0x4A, 0x40, 0xFF, 0xF7, 0xFD, 0x7A,
    0xEB, 0x7B, 0x4E, 0x9B, 0x2C, 0x95, 0x0C, 0x24, 0x89, 0x24, 0xF3, 0xD5, 0x6E, 0xD8, 0x09, 0x53,
    0x7F, 0x55, 0xA0, 0x14, 0x25, 0x42, 0x01, 0x01, 0x00, 0x05, 0xFF, 0xFF, 0xFF, 0xD7, 0xB5, 0xEE,
    0xB1, 0x6F, 0xC3, 0x2A, 0xB2, 0xC9, 0x52, 0x49, 0x0E, 0x2A, 0x55, 0xB7, 0xF2, 0xED, 0xD5, 0xFF,
    0x7F, 0xC9, 0x90, 0x10, 0x50, 0x14, 0x2A, 0x90, 0xFF, 0x7F, 0xDB, 0x6D, 0x6E, 0xBF, 0x6E, 0x14,
    0xEC, 0x94, 0x45, 0x32, 0x24, 0x92, 0x75, 0xD5, 0xBA, 0xED, 0x0D, 0xBA, 0x6B, 0x4D, 0xA4, 0x36,
    0x6A, 0x84, 0x02, 0x40, 0x80, 0x41, 0xF7, 0xFB, 0xFF, 0xF2, 0xFD, 0xFB, 0xD5, 0xEF, 0xB1, 0x61,
    0xA8, 0x85, 0x49, 0x24, 0x8B, 0x2A, 0x17, 0xBB, 0xE2, 0x56, 0xBE, 0xFB, 0x5B, 0xC9, 0x14, 0x20,
    0x88, 0x92, 0x22, 0x94, 0xFF, 0xFF, 0xEE, 0xAD, 0x97, 0x5E, 0xFB, 0x15, 0x56, 0x8D, 0x15, 0x28,
    0x92, 0x49, 0x34, 0xD5, 0xED, 0x56, 0xBD, 0xAD, 0xAB, 0xBF, 0xF5, 0x12, 0xE8, 0x0A, 0x20, 0x00,
    0x08, 0x20, 0xFF, 0x7D, 0xFF, 0xFB, 0x6D, 0xEF, 0xA6, 0xEB, 0xB8, 0x52, 0x62, 0x55, 0x2A, 0x92,
    0x4B, 0xAE, 0x9A, 0xED, 0x56, 0xFB, 0xEE, 0xD5, 0x5E, 0xED, 0x12, 0x80, 0x02, 0x28, 0xA2, 0x05,
    0xFF, 0xFF, 0xF6, 0xBE, 0xBA, 0xB7, 0xD9, 0xB5, 0xED, 0xA4, 0x95, 0x22, 0x41, 0x28, 0x96, 0x59,
    0x65, 0x5B, 0xED, 0x96, 0x5B, 0x6B, 0xB5, 0x92, 0xE8, 0x22, 0x48, 0x80, 0x00, 0xA8, 0xFF, 0xBF,
    0x7F, 0x75, 0xE7, 0xEF, 0xF6, 0xAB, 0x5A, 0x51, 0x68, 0x4C, 0x9A, 0x43, 0x2D, 0xE6, 0xD3, 0xB6,
    0xBB, 0x6D, 0xB5, 0xBE, 0xEF, 0x6D, 0x10, 0x88, 0x00, 0x02, 0x92, 0x02, 0xF7, 0xFF, 0xFB, 0xDF,
    0x79, 0x7B, 0xAD, 0xD4, 0xAC, 0xA6, 0x06, 0x91, 0x44, 0xA8, 0x92, 0x9D, 0x8E, 0x2D, 0x56, 0xDA,
    0xEE, 0xDB, 0x7A, 0xDA, 0xFC, 0x00, 0x92, 0x28, 0x00, 0x54, 0xFF, 0xDF, 0xFF, 0x6A, 0xDA, 0xDF,
    0xFA, 0x2F, 0xFB, 0x49, 0x59, 0x26, 0xA9, 0x12, 0x2D, 0x73, 0x71, 0xDB, 0xED, 0xB7, 0x95, 0xB6,
    0xD7, 0xA5, 0x82, 0xA2, 0x00, 0x80, 0x28, 0x01, 0xFB, 0xFD, 0xBA, 0xB7, 0x76, 0x2D, 0xEF, 0xF4,
    0xAE, 0xB4, 0xA2, 0x50, 0x12, 0x45, 0x43, 0xCE, 0xAE, 0x25, 0x3B, 0x6C, 0xFB, 0x6D, 0xBE, 0xF6,
    0x7C, 0x08, 0x28, 0x04, 0x82, 0x8A, 0xFF, 0xFF, 0xEF, 0xFD, 0xBD, 0xFB, 0xFA, 0xAF, 0x5A, 0x5B,
    0x0D, 0x0A, 0xA4, 0xA8, 0x99, 0x39, 0x55, 0x5B, 0x56, 0xDB, 0x56, 0xDB, 0x6D, 0xA9, 0x83, 0x25,
    0x02, 0x90, 0x00, 0x20, 0xFF, 0xFF, 0xF5, 0x5B, 0xDE, 0x2F, 0x75, 0xDB, 0xFF, 0xA4, 0xE2, 0xD5,
    0x49, 0x12, 0x26, 0xE6, 0xEA, 0xA6, 0xED, 0xAD, 0xBD, 0xB6, 0xDB, 0xF6, 0x7C, 0x80, 0x40, 0x02,
    0x54, 0x02, 0xFF, 0xBF, 0xEB, 0xEF, 0x6D, 0xD5, 0xFF, 0x37, 0x57, 0x5B, 0x5D, 0x20, 0x12, 0x44,
    0xA1, 0x1D, 0x9D, 0x4B, 0x9B, 0x7B, 0x6B, 0x5B, 0xB6, 0xA9, 0x82, 0x11, 0x08, 0x90, 0x01, 0x50,
    0xF7, 0xF7, 0x9E, 0x37, 0xF7, 0x3E, 0xBD, 0xED, 0xFF, 0x26, 0xA2, 0x55, 0x44, 0xA9, 0x0A, 0xF3,
    0x72, 0xB0, 0x76, 0xD6, 0xD6, 0xEE, 0xED, 0xF6, 0x75, 0x44, 0x20, 0x05, 0x28, 0x04, 0xFF, 0xFF,
    0xFA, 0xDC, 0xEA, 0xC5, 0xFF, 0x56, 0xAF, 0xD9, 0x5C, 0x8A, 0xA9, 0x12, 0x55, 0x0C, 0xAF, 0x4D,
    0xCD, 0xAD, 0xBB, 0x55, 0xB7, 0xAB, 0x88, 0x10, 0x82, 0x40, 0x02, 0x21, 0xFF, 0xFB, 0xEF, 0xB7,
    0xFF, 0x3B, 0x76, 0xAB, 0xFB, 0xA6, 0xA1, 0x50, 0x12, 0x49, 0x20, 0x77, 0x54, 0xF2, 0x35, 0x5A,
    0xD6, 0xDB, 0x6D, 0x7C, 0xF5, 0x42, 0x08, 0x08, 0x80, 0x48, 0xFB, 0xFF, 0xDD, 0x4D, 0x7A, 0xE7,
    0xDF, 0xFD, 0x5F, 0xD1, 0x4A, 0x26, 0xA4, 0x92, 0x4B, 0x48, 0xEB, 0x49, 0x6E, 0xEF, 0x6D, 0x76,
    0xDA, 0xDB, 0x88, 0x08, 0x21, 0x22, 0x2A, 0x02, 0xFF, 0xDF, 0xB6, 0xFB, 0xEF, 0x99, 0x7E, 0xAB,
    0xB5, 0xEE, 0xF5, 0x49, 0x49, 0x24, 0x94, 0xB7, 0x16, 0xBE, 0x95, 0x9A, 0xBA, 0xCD, 0xB7, 0xB6,
    0x72, 0x40, 0x88, 0x00, 0x00, 0x50, 0xFF, 0xFF, 0xFD, 0xCF, 0x7D, 0x66, 0xAB, 0xF6, 0xFF, 0xF1,
    0x08, 0x92, 0x12, 0x51, 0x41, 0x6C, 0xF9, 0x51, 0x6A, 0xE5, 0xD7, 0x3B, 0x6C, 0xED, 0xA8, 0x12,
    0x02, 0x49, 0x21, 0x0A, 0xFB, 0xFD, 0xD7, 0xB9, 0xF7, 0xD9, 0xFF, 0x6E, 0x97, 0xD6, 0x77, 0x24,
    0xA4, 0x8A, 0x14, 0x93, 0x46, 0xAE, 0x95, 0x9F, 0x2C, 0xE6, 0xDB, 0xBB, 0x51, 0x00, 0x20, 0x00,
    0x04, 0x41, 0xFF, 0xFF, 0xB5, 0x77, 0xBE, 0xAF, 0x2F, 0xBB, 0xFE, 0xF1, 0x80, 0x49, 0x49, 0x10,
    0xA7, 0x6E, 0xBD, 0x59, 0x6A, 0x71, 0xFB, 0x9D, 0x76, 0x6F, 0x64, 0x45, 0x08, 0xA4, 0x90, 0x14,
    0xFF, 0xDF, 0xFA, 0xCC, 0xFB, 0xD0, 0xFA, 0xEE, 0xAF, 0xFC, 0x2D, 0x92, 0x12, 0x45, 0x48, 0x91,
    0x62, 0xE6, 0x9D, 0xCE, 0xA6, 0x6B, 0xAB, 0xDA, 0x9A, 0x20, 0x42, 0x00, 0x02, 0x40, 0xFB, 0xFF,
    0xED, 0xBB, 0x5F, 0xAF, 0x4F, 0xBB, 0xF7, 0xF3, 0xD2, 0x4A, 0xA4, 0xA8, 0x15, 0x2E, 0x9D, 0x19,
    0x62, 0x3B, 0x5B, 0xD6, 0x5E, 0xB7, 0xED, 0x0A, 0x10, 0x09, 0x20, 0x05, 0xFF, 0xFB, 0xBE, 0x64,
    0xFE, 0xE8, 0xBB, 0xEE, 0xBD, 0xBC, 0x24, 0x95, 0x49, 0x12, 0xAA, 0x49, 0xE6, 0xE6, 0xDF, 0xD4,
    0xEC, 0x6D, 0xE9, 0x6D, 0x52, 0x50, 0x84, 0xA0, 0x04, 0x90, 0xFF, 0xFF, 0xFB, 0xDF, 0xB7, 0xF7,
    0x56, 0xBB, 0xD7, 0xFE, 0xC9, 0x22, 0x12, 0x45, 0x50, 0xB6, 0x19, 0x9D, 0x28, 0x2F, 0x9B, 0x93,
    0x5F, 0xDB, 0xAD, 0x84, 0x50, 0x02, 0x40, 0x08, 0xFF, 0xBF, 0xF6, 0xA8, 0x6F, 0xAC, 0xAD, 0xD7,
    0xBB, 0xDB, 0x12, 0x55, 0xA4, 0x90, 0x05, 0x49, 0xF6, 0x62, 0xD7, 0xD1, 0x75, 0x6D, 0xB2, 0xB6,
    0xF2, 0x73, 0x05, 0x08, 0x12, 0x42, 0xFB, 0xFF, 0xFD, 0x5B, 0xDE, 0xFB, 0x57, 0xFD, 0xEE, 0xFF,
    0x6C, 0x88, 0x49, 0x25, 0x52, 0x36, 0x89, 0xDD, 0xAA, 0x6E, 0xCE, 0x9A, 0x6D, 0x6D, 0xAC, 0xC8,
    0x20, 0x40, 0x00, 0x00, 0xFF, 0xFB, 0xBF, 0xF6, 0x37, 0xE5, 0x68, 0xB7, 0x6B, 0xFD, 0x81, 0x53,
    0x12, 0x48, 0xAC, 0xC9, 0x76, 0x22, 0x55, 0x99, 0x75, 0xE5, 0xDB, 0xDB, 0x73, 0x35, 0x8A, 0x02,
    0x48, 0x92, 0xFF, 0xFF, 0xFF, 0x29, 0xEB, 0xBF, 0x97, 0x6C, 0xF6, 0xF7, 0xDA, 0x24, 0xA4, 0xA2,
    0x01, 0x36, 0x8D, 0xDD, 0xAA, 0x66, 0xCB, 0x3F, 0x36, 0xB6, 0xDC, 0x48, 0x40, 0xA0, 0x00, 0x00,
    0xFF, 0xBF, 0xDF, 0xD6, 0x1E, 0xF9, 0x6C, 0xDF, 0xDD, 0x7E, 0xA4, 0xC9, 0x49, 0x09, 0x2A, 0x49,
    0x72, 0x22, 0x55, 0xBD, 0x3E, 0xD4, 0xD9, 0x6B, 0x6B, 0x96, 0x14, 0x09, 0x24, 0x29, 0xFB, 0xFF,
    0xFF, 0xFD, 0xEB, 0xDE, 0xD3, 0x3B, 0x73, 0xFF, 0xEA, 0x14, 0x92, 0x64, 0x94, 0xB6, 0x8D, 0xDD,
    0xBA, 0x42, 0xE1, 0x6B, 0xB7, 0xDE, 0xDC, 0x29, 0x81, 0x24, 0x00, 0x80, 0xFF, 0xFB, 0xFD, 0xF6,
    0x15, 0xFB, 0x2E, 0xC7, 0xBD, 0x77, 0xA4, 0xC9, 0x29, 0x0A, 0x41, 0x49, 0x72, 0x22, 0x45, 0xBD,
    0x5F, 0x9D, 0x6C, 0xB5, 0xB3, 0xC2, 0x6A, 0x90, 0x92, 0x04, 0xFF, 0xFF, 0xFF, 0xDD, 0xEF, 0xAE,
    0xD1, 0x3A, 0xF7, 0xBF, 0xF9, 0x22, 0x82, 0x51, 0x15, 0x36, 0x8D, 0xDC, 0xBA, 0x52, 0xAA, 0x62,
    0x93, 0x6B, 0x6D, 0x34, 0x80, 0x24, 0x00, 0x20, 0xFF, 0xFD, 0xEF, 0xF5, 0x10, 0xFD, 0xAF, 0xC5,
    0x9D, 0x7D, 0xD6, 0x54, 0x68, 0xA4, 0x48, 0x49, 0x72, 0x03, 0x45, 0xAD, 0x55, 0xDD, 0xFE, 0xDE,
    0xDB, 0xC9, 0x3B, 0x09, 0x2A, 0x89, 0xFB, 0xBF, 0xFE, 0xEE, 0xEF, 0x77, 0x50, 0x3A, 0xEF, 0xDF,
    0xF8, 0x8A, 0x95, 0x0A, 0x93, 0xB6, 0x89, 0x7C, 0x3A, 0x52, 0xBB, 0x2A, 0x25, 0xAB, 0x6C, 0x32,
    0x44, 0x42, 0x80, 0x40, 0xFF, 0xFF, 0xFF, 0xF9, 0xD5, 0xDF, 0xBF, 0xE5, 0x35, 0x6F, 0x73, 0x51,
    0x22, 0x51, 0x24, 0x49, 0x56, 0x83, 0xC4, 0xAD, 0xC6, 0xF5, 0xDA, 0x76, 0xDB, 0xC4, 0x89, 0x99,
    0x24, 0x02, 0xFF, 0xDE, 0xFF, 0xFF, 0x3A, 0xBB, 0x62, 0x1A, 0xDE, 0xBF, 0xFC, 0x26, 0x54, 0xA4,
    0x49, 0x26, 0xA9, 0x5C, 0x3B, 0x52, 0x39, 0x8F, 0x37, 0xCD, 0xB4, 0xBA, 0x52, 0x62, 0x51, 0x10,
    0xFF, 0xFF, 0xF7, 0xB8, 0xED, 0x6F, 0xDD, 0xE5, 0x2B, 0xED, 0xBD, 0x48, 0x89, 0x0A, 0x12, 0xD9,
    0x54, 0xA1, 0xC4, 0xAD, 0xCE, 0x78, 0xEC, 0xBB, 0x6F, 0x44, 0x84, 0x8C, 0x8A, 0x40, 0xFB, 0xFF,
    0xFF, 0xFF, 0xAA, 0xFD, 0xAB, 0x1E, 0xDE, 0xBF, 0xF6, 0x92, 0xB2, 0x51, 0x48, 0x26, 0xAB, 0x5E,
    0x3B, 0x52, 0x31, 0xD7, 0x9B, 0x66, 0xD8, 0xB9, 0x29, 0x51, 0x54, 0xA9, 0xFF, 0xFE, 0xFD, 0xF6,
    0x7F, 0x9F, 0xF5, 0xF1, 0x37, 0xEF, 0xFF, 0x25, 0x45, 0x24, 0x92, 0xC9, 0x44, 0xA1, 0xC4, 0xAD,
    0xCF, 0x2A, 0x65, 0xBB, 0xB7, 0xC2, 0x42, 0x26, 0x20, 0x04, 0xFF, 0xBF, 0xFF, 0xFF, 0xA6, 0x6A,
    0xAA, 0x8E, 0xCE, 0xBD, 0xFB, 0xA8, 0x90, 0x8A, 0x25, 0x36, 0xBB, 0x5E, 0x3B, 0x52, 0x34, 0xDD,
    0xDF, 0x55, 0x6C, 0x3C, 0x94, 0x49, 0x45, 0xAA, 0xFF, 0xFF, 0xDF, 0xFB, 0x5B, 0xDF, 0xDD, 0x73,
    0x33, 0xDF, 0xBE, 0xC5, 0x2A, 0x50, 0x90, 0x49, 0x44, 0xA1, 0xC4, 0x2D, 0xCB, 0xB3, 0x28, 0xEE,
    0xDB, 0xC2, 0x01, 0x14, 0x98, 0x50, 0xFB, 0xDF, 0xFF, 0xBF, 0x65, 0x77, 0x73, 0xCE, 0x4D, 0xB7,
    0xFF, 0x98, 0xD5, 0x25, 0x25, 0xB6, 0xB9, 0x56, 0x2B, 0xD2, 0x34, 0x4E, 0xFB, 0x19, 0xB6, 0x38,
    0xD4, 0xA1, 0x25, 0x8B, 0xFF, 0xFF, 0xFB, 0xFF, 0x9A, 0x8D, 0xCC, 0x31, 0xF2, 0xFD, 0xDF, 0xE3,
    0x20, 0x8A, 0x0A, 0x49, 0x45, 0xA9, 0x54, 0x2D, 0xCB, 0xF9, 0x06, 0xF7, 0x6D, 0xC3, 0x00, 0x04,
    0x52, 0x34, 0xFF, 0xFE, 0xFF, 0xDE, 0xE5, 0xFF, 0xF7, 0xEF, 0x0D, 0xAF, 0xFD, 0xCC, 0xCE, 0x50,
    0xD0, 0x94, 0x9A, 0x52, 0xA9, 0x92, 0x35, 0x07, 0xFD, 0x4C, 0xB6, 0xAC, 0xE9, 0x29, 0x04, 0xC9,
    0xFF, 0xDF, 0xFF, 0xFF, 0xFA, 0x0A, 0xCC, 0xB0, 0xF2, 0x55, 0x7F, 0xF1, 0x11, 0x0A, 0x25, 0x2B,
    0x64, 0xAC, 0x52, 0x6C, 0xCA, 0xF8, 0x03, 0xBB, 0xED, 0xB7, 0x92, 0x82, 0x29, 0x12, 0xFB, 0xFF,
    0xDE, 0xEF, 0x7F, 0xF7, 0x73, 0x5F, 0x55, 0xBF, 0xEE, 0xEB, 0x64, 0xA4, 0x8A, 0x40, 0x1B, 0x52,
    0x8C, 0x93, 0x35, 0x87, 0xFC, 0x56, 0x9B, 0x6C, 0x64, 0x10, 0x82, 0x6D, 0xFF, 0xFF, 0xFF, 0xFF,
    0xFB, 0x0B, 0xAE, 0xF4, 0xFA, 0x45, 0x7F, 0xF0, 0x59, 0x49, 0x20, 0xAA, 0xE4, 0xAC, 0x72, 0xAC,
    0xCA, 0x78, 0x03, 0xB5, 0x76, 0xDB, 0xDA, 0xE4, 0x10, 0x00, 0xFF, 0xFD, 0xFF, 0xFB, 0xBF, 0xF5,
    0xE9, 0x8F, 0x15, 0xBB, 0xEF, 0xB6, 0x82, 0x14, 0x4A, 0x01, 0x1A, 0x52, 0x88, 0x43, 0x35, 0x83,
    0xFC, 0x5B, 0xCD, 0xB6, 0xB1, 0x11, 0x44, 0xAB, 0xFF, 0xDF, 0xF7, 0xFF, 0xFD, 0xCC, 0xD5, 0x7A,
    0xFC, 0x45, 0x7D, 0xF5, 0x74, 0xAA, 0x91, 0x56, 0x65, 0x0C, 0xB4, 0xA8, 0x4A, 0x7C, 0x03, 0xA4,
    0xBB, 0x6D, 0x6E, 0xEE, 0x80, 0x14, 0xFB, 0xFF, 0xFF, 0xBF, 0xDF, 0xFB, 0x3A, 0xD7, 0x0F, 0x99,
    0xFF, 0xD8, 0x89, 0x45, 0x24, 0xA9, 0x98, 0xB2, 0x49, 0x0F, 0xB5, 0x83, 0xF6, 0x5B, 0x65, 0xDB,
    0x95, 0x19, 0x2A, 0x42, 0xFF, 0xFF, 0xBF, 0xFD, 0xFF, 0x76, 0xE5, 0x2D, 0xB3, 0x66, 0x1F, 0x77,
    0x32, 0x1A, 0x4A, 0x02, 0x62, 0x4D, 0xB2, 0xB0, 0x4A, 0x7C, 0x09, 0xA6, 0xDE, 0xB5, 0x7A, 0xE6,
    0xC0, 0xAD, 0xFF, 0xFF, 0xFB, 0xDF, 0xF7, 0xFD, 0x98, 0xD6, 0xCD, 0xC8, 0xEF, 0xF8, 0x45, 0x41,
    0x11, 0x2D, 0x94, 0xB2, 0x45, 0x47, 0x95, 0x83, 0xE6, 0xD9, 0x35, 0x6F, 0x4E, 0x19, 0x14, 0x12,
    0xFF, 0xBB, 0xFF, 0xFF, 0x7F, 0xFE, 0xF7, 0x29, 0x93, 0x77, 0x13, 0xBD, 0xAA, 0x9A, 0xA4, 0x92,
    0x29, 0x0D, 0x98, 0x18, 0x6A, 0x78, 0x09, 0x36, 0xDB, 0xD9, 0xF5, 0xE6, 0xEA, 0xA5, 0xFF, 0xFF,
    0xFF, 0xFF, 0xFD, 0xDB, 0x4C, 0xD7, 0x6C, 0xB8, 0xED, 0xEE, 0x50, 0x24, 0x4A, 0x44, 0xC0, 0xF2,
    0x62, 0xA3, 0x90, 0x85, 0x72, 0xDB, 0xA5, 0x36, 0x9B, 0x09, 0x10, 0x1A, 0xFB, 0xFF, 0xDE, 0xFB,
    0xEF, 0xFE, 0xBB, 0x24, 0xF3, 0x4F, 0x13, 0xFA, 0x86, 0x93, 0x01, 0x29, 0x15, 0x0C, 0x95, 0x54,
    0x42, 0x20, 0x81, 0x06, 0x5E, 0xED, 0x76, 0xF6, 0xEF, 0xA1, 0xFF, 0xFF, 0xFF, 0xFF, 0xFE, 0xFF,
    0xE5, 0xD9, 0x14, 0xB4, 0xEC, 0xFF, 0x71, 0x44, 0x54, 0x94, 0x4A, 0xB3, 0x20, 0x06, 0xA5, 0x4A,
    0x34, 0x29, 0xF1, 0xB6, 0xCD, 0x49, 0x58, 0x56, 0xFF, 0xFB, 0xFF, 0xBE, 0xFF, 0xEF, 0x5B, 0x26,
    0xED, 0x4B, 0x13, 0xD7, 0xDE, 0x31, 0x8A, 0x41, 0x21, 0x44, 0x8A, 0x51, 0x48, 0xA0, 0x41, 0x96,
    0x8F, 0x4D, 0x3B, 0xBE, 0xA7, 0x81, 0xFF, 0xBF, 0xEF, 0xFF, 0xFB, 0xFD, 0xE6, 0xF9, 0x1A, 0xB4,
    0xE8, 0x7D, 0xF5, 0xCA, 0x21, 0x16, 0x56, 0x9B, 0x34, 0x84, 0x11, 0x14, 0xB4, 0x2B, 0x78, 0xBB,
    0xE5, 0x51, 0x5C, 0x7A, 0xFF, 0xFD, 0xFF, 0xEF, 0xBF, 0x7F, 0xF9, 0x46, 0xE5, 0x4B, 0x57, 0xFF,
    0xFF, 0xB4, 0x92, 0xA0, 0x88, 0x74, 0x81, 0x29, 0x44, 0x22, 0x01, 0x40, 0xD7, 0xED, 0x1E, 0xEE,
    0xB3, 0x94, 0xFB, 0xFF, 0xFB, 0xFF, 0xFF, 0xEF, 0xB7, 0x79, 0x1A, 0x35, 0xA8, 0x35, 0x5D, 0x69,
    0x28, 0x05, 0x13, 0x8B, 0x2C, 0x80, 0x51, 0xD9, 0x28, 0xB5, 0x2A, 0x12, 0xF1, 0x95, 0x4D, 0x69,
    0xFF, 0xFF, 0xFF, 0xFB, 0xDF, 0xFD, 0xF8, 0xA6, 0xE7, 0xCA, 0x77, 0x5F, 0xFF, 0xDA, 0x82, 0xE8,
    0x64, 0x74, 0x11, 0x52, 0xA4, 0x04, 0x01, 0x4A, 0x57, 0xED, 0xAF, 0x7A, 0xB2, 0xD6, 0xFF, 0xDF,
    0xBF, 0x7F, 0xFB, 0x7F, 0xDF, 0xF9, 0x18, 0x25, 0xAA, 0xBA, 0xAF, 0xFA, 0x54, 0x03, 0x93, 0x8A,
    0xA2, 0x08, 0x09, 0xFA, 0xA4, 0x90, 0xAC, 0x5B, 0x5A, 0xD7, 0x4D, 0x2C, 0xFF, 0xFF, 0xFF, 0xFD,
    0xFF, 0xFE, 0xFF, 0xA2, 0x67, 0xDA, 0x55, 0x4F, 0xFB, 0x74, 0x89, 0x58, 0x2C, 0x70, 0x0C, 0x53,
    0x26, 0x04, 0x12, 0x6A, 0x13, 0xB4, 0xF5, 0x2A, 0xB2, 0xD3, 0xFF, 0xFB, 0xFB, 0xEF, 0xFF, 0xDB,
    0xF6, 0xFD, 0x88, 0x25, 0xAE, 0xB5, 0x6F, 0xDF, 0x22, 0xA3, 0x53, 0x82, 0xA1, 0x04, 0x51, 0xFA,
    0x81, 0x90, 0xA5, 0x4B, 0x0F, 0xFD, 0x45, 0x3C, 0xFB, 0xFF, 0xFF, 0xFF, 0xBB, 0xFF, 0xDF, 0xD2,
    0x32, 0xDA, 0x51, 0x6B, 0xAB, 0xFA, 0xD8, 0x0C, 0x2C, 0x44, 0x0C, 0x90, 0xAE, 0x04, 0x2A, 0x45,
    0x5A, 0xF6, 0xF5, 0x23, 0xBA, 0xC3, 0xFF, 0xFF, 0xBF, 0xFF, 0xFF, 0x7F, 0x7B, 0xFC, 0xCD, 0x25,
    0xAF, 0x9F, 0xD5, 0x6F, 0x02, 0xA1, 0xD3, 0xA8, 0xA1, 0x25, 0x51, 0xFB, 0x05, 0x18, 0x05, 0x1D,
    0x4A, 0xDE, 0x43, 0x3E, 0xFD, 0xFF, 0xFF, 0x7D, 0xDF, 0xF7, 0xFF, 0x63, 0x10, 0xCA, 0x50, 0x6A,
    0xFF, 0xFD, 0xF5, 0x16, 0x24, 0x01, 0x0A, 0x09, 0x06, 0x04, 0x48, 0xE5, 0x7A, 0xE3, 0xB5, 0xB5,
    0xDC, 0xC1, 0xFF, 0xEF, 0xFF, 0xFF, 0xFF, 0xFD, 0xF7, 0xFC, 0xEB, 0x15, 0xAF, 0xD7, 0xE5, 0xDF,
    0x20, 0x49, 0x4A, 0xAA, 0x20, 0x42, 0x69, 0xFB, 0x27, 0x12, 0x04, 0x5C, 0x5B, 0x6A, 0xA1, 0x3F,
    0xFF, 0xFF, 0xF7, 0xBF, 0xFD, 0xDF, 0xDE, 0xDB, 0x14, 0x6A, 0x70, 0x6D, 0x7A, 0xFB, 0xFD, 0xA2,
    0xA1, 0x00, 0x4A, 0x90, 0x92, 0x04, 0x88, 0xEC, 0xFB, 0xAB, 0xE4, 0xB7, 0x7E, 0xC0, 0xFF, 0xFE,
    0xFF, 0xF7, 0x7F, 0xFF, 0x7F, 0xFE, 0xA9, 0x80, 0x8F, 0xDF, 0xDF, 0xBE, 0xAA, 0x12, 0x4A, 0x2A,
    0x80, 0x05, 0x44, 0xD9, 0x2F, 0x11, 0x04, 0x75, 0x1B, 0x4C, 0x81, 0x3F, 0xFD, 0xFF, 0xFB, 0xFF,
    0xEE, 0xFB, 0xFB, 0x7B, 0x52, 0x5F, 0x79, 0x35, 0x75, 0xF7, 0xD0, 0xA9, 0x11, 0x40, 0x2B, 0x52,
    0x12, 0x22, 0x50, 0x66, 0x7A, 0x8E, 0xF4, 0xBB, 0xFE, 0xC0, 0xFF, 0xEF, 0xFF, 0xFF, 0xFF, 0xFF,
    0xEF, 0xEE, 0xAD, 0xA0, 0x8A, 0xEB, 0xDF, 0x5F, 0xAA, 0x54, 0x6A, 0x0A, 0x80, 0x00, 0xA4, 0x8D,
    0xA7, 0x99, 0x85, 0x71, 0x2B, 0x65, 0x20, 0x3F, 0xFF, 0xFF, 0x7F, 0xBE, 0xFF, 0xDE, 0xFE, 0xFF,
    0xA0, 0x4B, 0x37, 0x5E, 0xFF, 0xFA, 0xD4, 0x81, 0x05, 0x50, 0x2A, 0x95, 0x49, 0x70, 0x18, 0x66,
    0x38, 0x8F, 0xD5, 0x9E, 0xDF, 0xC0, 0xFF, 0xFF, 0xFF, 0xFF, 0xF7, 0xFF, 0xBF, 0xDD, 0x5D, 0x94,
    0x4A, 0xD7, 0xB5, 0xEF, 0xF9, 0x36, 0x52, 0x82, 0x80, 0x22, 0x02, 0x87, 0xE7, 0x08, 0xC5, 0x74,
    0x2E, 0x71, 0xB0, 0x2F, 0xFD, 0xFF, 0xFB, 0xF7, 0x7E, 0xF7, 0xFB, 0xF7, 0xB2, 0x69, 0x35, 0xED,
    0xFF, 0xBF, 0xA2, 0x40, 0x89, 0x64, 0x2A, 0x89, 0x51, 0x38, 0x18, 0xF3, 0x3A, 0x8B, 0xF1, 0x8E,
    0x57, 0xD0, 0xFF, 0xEF, 0x7F, 0xFF, 0xFF, 0xFF, 0xDF, 0xBE, 0xC4, 0x86, 0xC2, 0xBB, 0x6E, 0xFA,
    0xF8, 0xAD, 0x12, 0x88, 0x80, 0x22, 0x0A, 0xC7, 0x63, 0x0C, 0x85, 0x75, 0x0E, 0xF5, 0xEC, 0x27,
    0xFF, 0xFF, 0xFF, 0x7F, 0xEF, 0xBB, 0x7D, 0xFF, 0xFB, 0x78, 0x1D, 0x56, 0xBB, 0xEF, 0xB5, 0x00,
    0xA4, 0x61, 0x54, 0x94, 0xA1, 0x28, 0x8C, 0x51, 0x2A, 0x0A, 0xF9, 0x0A, 0x9B, 0xD8, 0xFF, 0xFF,
    0xFF, 0xFB, 0xFF, 0xFF, 0xEF, 0xDB, 0x78, 0x46, 0xA6, 0xBD, 0xFF, 0xBF, 0xEA, 0x2A, 0x49, 0x94,
    0x01, 0x20, 0x0A, 0x55, 0x52, 0xAA, 0x51, 0xF5, 0x26, 0xF5, 0x66, 0x22, 0xFD, 0xFF, 0x7F, 0xBF,
    0xFB, 0xDF, 0xFE, 0xFF, 0xD7, 0xB9, 0x49, 0x67, 0xAD, 0xFA, 0xB8, 0xC5, 0x12, 0x61, 0x54, 0x49,
    0x44, 0xAA, 0xA9, 0x04, 0x8A, 0x0A, 0xDB, 0x0A, 0x99, 0xD5, 0xFF, 0xEF, 0xF7, 0xFF, 0x7F, 0xFB,
    0x77, 0xED, 0xFC, 0x26, 0x26, 0xDB, 0x77, 0x5F, 0xFE, 0x10, 0xA4, 0x84, 0x01, 0x14, 0x11, 0x00,
    0x02, 0x29, 0x54, 0xB5, 0x24, 0xF5, 0x77, 0x38, 0xFF, 0xFF, 0xFF, 0xFF, 0xFD, 0xFF, 0xDF, 0xBF,
    0xB7, 0xD9, 0x4B, 0x36, 0xDB, 0xF7, 0xE9, 0xA9, 0x09, 0xA9, 0x54, 0xA1, 0x4A, 0xBA, 0xB4, 0x42,
    0x01, 0x4A, 0xDB, 0x8E, 0x8A, 0xC2, 0xFF, 0xFF, 0xFB, 0xFB, 0xBF, 0xFF, 0xFE, 0xFA, 0xFE, 0x26,
    0x92, 0xD9, 0xFE, 0xDE, 0xBE, 0x42, 0x50, 0x02, 0x01, 0x0A, 0x14, 0x45, 0x00, 0x98, 0x54, 0xB5,
    0x24, 0x71, 0x75, 0x3D, 0xFD, 0xFF, 0x7F, 0xDF, 0xFE, 0xEE, 0xFB, 0xFF, 0xEB, 0xD9, 0x25, 0x6F,
    0x55, 0x77, 0xEC, 0x94, 0x8B, 0xA8, 0x54, 0x20, 0xA3, 0xB2, 0x4A, 0x24, 0xA1, 0x0A, 0xDB, 0x8E,
    0x8A, 0xD2, 0xFF, 0xEF, 0xFF, 0xFF, 0xDF, 0xFF, 0xDF, 0xD7, 0xBF, 0x26, 0x49, 0x9A, 0xFF, 0xDB,
    0xFF, 0x09, 0x24, 0x02, 0x81, 0x54, 0x54, 0x0C, 0x11, 0x49, 0x16, 0x75, 0x24, 0x75, 0x75, 0xAC,
    0xFF, 0xFF, 0xFD, 0xFD, 0xFF, 0xF7, 0xFE, 0xFE, 0xFA, 0xD8, 0x92, 0x77, 0xDD, 0x6D, 0x55, 0x62,
    0x51, 0x50, 0x28, 0x02, 0xA9, 0xF0, 0x84, 0x12, 0x20, 0x8A, 0xDB, 0x8A, 0x8A, 0x56, 0xFF, 0xFF,
    0xDF, 0xFF, 0xEF, 0x7F, 0x6F, 0xFF, 0xEF, 0xA7, 0x45, 0x4D, 0xB7, 0xD7, 0xFE, 0x94, 0x86, 0x8A,
    0x85, 0x55, 0x46, 0x0A, 0x20, 0xA4, 0x84, 0x35, 0x24, 0x37, 0x75, 0xA9, 0xFD, 0xFD, 0xFF, 0xDF,
    0xFF, 0xFB, 0xFB, 0xB5, 0xBB, 0xF8, 0xAA, 0xB6, 0xFD, 0x7D, 0x75, 0xC1, 0x50, 0x20, 0x50, 0x00,
    0x18, 0xD0, 0x89, 0x08, 0x52, 0x82, 0xDB, 0xC8, 0x8A, 0x56, 0xFF, 0xFF, 0xFF, 0xFE, 0xF7, 0xBF,
    0xFF, 0xFF, 0xFE, 0xA5, 0x50, 0x5B, 0x6F, 0xD7, 0xDE, 0x5A, 0x06, 0x92, 0x85, 0x55, 0x63, 0x24,
    0x14, 0x32, 0x89, 0x35, 0x20, 0x37, 0x75, 0xAB, 0xFF, 0xDF, 0xFD, 0xEF, 0xFF, 0xFF, 0x6E, 0xDE,
    0xEB, 0xFA, 0xA6, 0xB5, 0xDD, 0x7D, 0x7D, 0xA1, 0x58, 0x28, 0x10, 0x02, 0x94, 0x91, 0x41, 0x44,
    0x22, 0x4A, 0xDF, 0x48, 0x8A, 0x54, 0xFF, 0xFF, 0xDF, 0xFF, 0x7B, 0xDF, 0xFF, 0xFB, 0xFF, 0xBC,
    0x51, 0x4F, 0x77, 0xD7, 0xF7, 0x54, 0x82, 0x84, 0xC5, 0x54, 0x40, 0x20, 0x14, 0x11, 0x48, 0x91,
    0x20, 0xB7, 0x75, 0x8B, 0xFF, 0xFF, 0xFF, 0xFF, 0xFF, 0xFD, 0xFB, 0x7F, 0x5A, 0xE9, 0x96, 0x15,
    0xDF, 0x7D, 0x7F, 0x79, 0x2C, 0x2A, 0x28, 0x01, 0x9F, 0xCA, 0x41, 0x44, 0x13, 0x4A, 0x4D, 0x48,
    0x88, 0x74, 0xFD, 0xFD, 0xFE, 0xFB, 0xDD, 0xEF, 0xBF, 0xEF, 0xFF, 0xBD, 0x60, 0xEB, 0x6B, 0xAB,
    0xDD, 0x92, 0x92, 0x80, 0x82, 0xA4, 0x20, 0x20, 0x14, 0x22, 0xA4, 0xB5, 0xB2, 0x97, 0x77, 0x8B,
    0xFF, 0xFF, 0xFF, 0xFF, 0xFF, 0xFF, 0xEF, 0xFA, 0xF6, 0xD6, 0x16, 0x16, 0xDE, 0xFF, 0x7F, 0x6C,
    0x20, 0x4A, 0x28, 0x11, 0x4E, 0xC9, 0x41, 0x48, 0x15, 0x0A, 0x44, 0x68, 0x88, 0x54, 0xFF, 0xDF,
    0xEF, 0x7F, 0xFE, 0xFE, 0xFE, 0xDF, 0xBF, 0xFC, 0xE0, 0xC9, 0xF7, 0xDA, 0xAB, 0xD9, 0x4A, 0x90,
    0x85, 0x4A, 0x91, 0x02, 0x14, 0x00, 0xA2, 0xB0, 0x9A, 0x97, 0x75, 0xAB, 0xFF, 0xFF, 0xFF, 0xFE,
    0xF7, 0xF7, 0xF7, 0xFF, 0xEA, 0xAB, 0x1D, 0x17, 0x2E, 0xB7, 0xFF, 0xD6, 0x90, 0x25, 0x28, 0x20,
    0x26, 0x50, 0xA9, 0x55, 0x08, 0x47, 0x60, 0xA0, 0x8A, 0x44, 0xFF, 0xFE, 0xFF, 0xDF, 0xFF, 0xBF,
    0xDF, 0x76, 0xFF, 0xFE, 0xA2, 0x68, 0xDB, 0xEE, 0xAD, 0x62, 0x25, 0x48, 0x42, 0x8A, 0x91, 0x84,
    0x00, 0x00, 0x34, 0x98, 0x8D, 0x2F, 0x74, 0x99, 0xFD, 0xFF, 0xF7, 0xFF, 0x7F, 0xFD, 0xFB, 0xFF,
    0xBB, 0xAA, 0x55, 0x87, 0xB6, 0xBD, 0xFF, 0xDD, 0x48, 0x12, 0x09, 0x21, 0x26, 0x20, 0xAA, 0xA4,
    0x81, 0x22, 0x32, 0x90, 0x89, 0x66, 0xFF, 0xFF, 0xFF, 0xEF, 0xFD, 0xFF, 0xBF, 0xDB, 0xEE, 0xFF,
    0x8A, 0x78, 0x6D, 0xEB, 0xAB, 0xF6, 0xA2, 0x44, 0xA2, 0x0A, 0x48, 0xCA, 0x00, 0x01, 0x0A, 0x4D,
    0x44, 0x6B, 0x76, 0x89, 0xFF, 0xDF, 0xFE, 0xFF, 0xEF, 0xEF, 0xFF, 0x7F, 0x7F, 0xAA, 0xF1, 0x87,
    0xDB, 0xBF, 0x7F, 0x7A, 0x11, 0x22, 0x08, 0x50, 0x15, 0x01, 0x54, 0xA8, 0x50, 0x90, 0x99, 0x84,
    0x88, 0x34, 0xFF, 0xFD, 0xFF, 0xFB, 0xFF, 0x7D, 0xF7, 0xEF, 0xFA, 0xFF, 0xAE, 0x7C, 0x37, 0x5A,
    0xD5, 0xD5, 0xA4, 0x49, 0x44, 0xA2, 0xA2, 0x52, 0x80, 0x02, 0x05, 0x22, 0x22, 0x59, 0x75, 0xC3,
    0xFF, 0xFF, 0xDF, 0xFF, 0xFF, 0xFF, 0xBD, 0xFD, 0xAF, 0xEA, 0xFA, 0x83, 0xDE, 0xF7, 0xBF, 0xFE,
    0x89, 0x14, 0x12, 0x04, 0x08, 0x8A, 0x45, 0x48, 0x80, 0x05, 0x54, 0xA2, 0x0A, 0x14, 0xFD, 0xFF,
    0xFF, 0xDF, 0x7B, 0xEF, 0xFF, 0xDF, 0xFE, 0xBF, 0xAD, 0x2E, 0xB3, 0xAD, 0xEB, 0x7D, 0x22, 0x42,
    0x49, 0x29, 0x45, 0x60, 0x90, 0x02, 0x14, 0xA8, 0x89, 0x14, 0xF5, 0x6A, 0xFF, 0xFF, 0xEF, 0xFF,
    0xFF, 0xFD, 0xDF, 0x7A, 0xF7, 0xEA, 0xF7, 0xD1, 0x6F, 0xFA, 0xBF, 0xD7, 0xC8, 0x94, 0x82, 0x40,
    0x10, 0x17, 0x00, 0x50, 0x41, 0x45, 0x22, 0x49, 0x08, 0x95, 0xFF, 0xEF, 0xFE, 0xFF, 0xBF, 0x7F,
    0xFB, 0xFF, 0xDD, 0x7F, 0xAD, 0x6E, 0x9A, 0xD7, 0xEA, 0xFE, 0x92, 0x09, 0x28, 0x8A, 0x4B, 0x68,
    0x95, 0x02, 0x0A, 0x10, 0x54, 0xA4, 0xB7, 0x20, 0xFF, 0xFE, 0xFF, 0xFB, 0xFF, 0xEE, 0xFF, 0xEF,
    0x7F, 0xD5, 0x7A, 0xB1, 0x6F, 0xF9, 0xBF, 0xBB, 0xE5, 0x22, 0x42, 0x50, 0xA4, 0x83, 0x00, 0x10,
    0xA0, 0x45, 0x01, 0x12, 0x48, 0xAF, 0xFF, 0xFF, 0xFF, 0xFF, 0xDD, 0xFF, 0xEE, 0xFB, 0xF5, 0xFF,
    0xEF, 0xDC, 0x9B, 0x6F, 0x6A, 0xEF, 0xA0, 0x94, 0x15, 0x04, 0x09, 0x5C, 0x50, 0x44, 0x02, 0x9A,
    0xAA, 0x48, 0xA7, 0x50, 0xFD, 0xFF, 0xEF, 0xDD, 0xFF, 0xFB, 0x7F, 0xBE, 0xDF, 0x55, 0x5A, 0xB7,
    0x65, 0xFD, 0xDF, 0xFD, 0xF6, 0x41, 0x42, 0xA9, 0x36, 0x91, 0x0A, 0x10, 0x88, 0x20, 0x00, 0xA5,
    0x58, 0xA5, 0xFF, 0xFF, 0xFF, 0xFF, 0xFF, 0xBF, 0xFB, 0xFF, 0xFD, 0xFF, 0xF5, 0xEC, 0x1F, 0xD7,
    0x76, 0xAF, 0x51, 0x1A, 0xA8, 0x02, 0xC1, 0x66, 0x00, 0x82, 0x23, 0x4B, 0x4A, 0x12, 0x03, 0x1A,
    0xFF, 0xDF, 0xFD, 0xFF, 0xFB, 0xFF, 0xDF, 0xDB, 0xB7, 0xB5, 0x5F, 0x5B, 0x60, 0xFF, 0xAD, 0xFB,
    0xF4, 0x40, 0x05, 0x4D, 0x3E, 0x14, 0x55, 0x44, 0x88, 0x90, 0x11, 0x24, 0xBC, 0xE4, 0xFF, 0xFD,
    0xFF, 0xFF, 0xBF, 0xEE, 0xFE, 0xFF, 0xFE, 0xEF, 0xED, 0xB6, 0x8F, 0xBD, 0xF7, 0x5E, 0xBA, 0x14,
    0xA8, 0x12, 0x41, 0xE9, 0x02, 0x10, 0x12, 0x24, 0x84, 0x49, 0x43, 0x09, 0xFF, 0xFF, 0xDF, 0xF7,
    0xFF, 0x7F, 0xF7, 0xED, 0x6B, 0xFD, 0x56, 0xED, 0x51, 0x6F, 0x5D, 0xF7, 0xEC, 0x8A, 0x52, 0xA5,
    0xB6, 0x10, 0x29, 0x41, 0x25, 0x41, 0x22, 0x12, 0x18, 0x75, 0xFD, 0xFF, 0xFE, 0xFF, 0xDF, 0xF7,
    0xBF, 0x7F, 0xFF, 0x5B, 0xFB, 0x5B, 0xAA, 0xB7, 0xF7, 0x5D, 0xB5, 0x21, 0x04, 0x08, 0x08, 0xEA,
    0x82, 0x14, 0x40, 0x08, 0x08, 0x80, 0xC7, 0x82, 0xFF, 0xFF, 0xFF, 0xFB, 0xFD, 0xFF, 0xFB, 0xFF,
    0xDD, 0xF6, 0xD6, 0xED, 0x55, 0xDD, 0xDD, 0xF6, 0xFE, 0x54, 0x51, 0x53, 0xF3, 0x00, 0x10, 0x41,
    0x09, 0x22, 0x55, 0x5A, 0x28, 0x3C, 0xFF, 0xEF, 0xFF, 0x7F, 0xFF, 0xBE, 0xDF, 0xDB, 0x77, 0xBF,
    0xBF, 0xB6, 0xCE, 0xAF, 0x77, 0x5F, 0xAB, 0x02, 0xA8, 0x2C, 0x08, 0x55, 0x45, 0x14, 0x10, 0x00,
    0x02, 0x24, 0x95, 0xC1, 0xFF, 0xFF, 0xDF, 0xFD, 0xFF, 0xF7, 0xFE, 0xFF, 0xFE, 0xEA, 0xF5, 0x5D,
    0xB3, 0x7D, 0xDB, 0xF5, 0xFF, 0xA5, 0x02, 0x52, 0xD6, 0x80, 0x12, 0x81, 0x44, 0x49, 0x14, 0xD3,
    0x62, 0x2A, 0xFF, 0xFD, 0xFF, 0xFF, 0xEF, 0xFF, 0xFB, 0xED, 0xB7, 0xBF, 0xAA, 0xEB, 0x65, 0xD7,
    0x76, 0xAF, 0x5A, 0xD0, 0x69, 0x05, 0x20, 0x29, 0x44, 0x54, 0x11, 0x00, 0x41, 0x04, 0x0C, 0xD5,
    0xFD, 0xFF, 0xEF, 0xBF, 0xFF, 0x7E, 0xDF, 0x7F, 0xFD, 0xF5, 0x7F, 0xD6, 0xDA, 0xBF, 0xED, 0xFA,
    0xF7, 0xFB, 0x04, 0xBA, 0x49, 0x42, 0x11, 0x01, 0x44, 0x14, 0x0A, 0x59, 0x51, 0x08, 0xFF, 0xFF,
    0xFF, 0xFE, 0xF7, 0xF7, 0xFF, 0xFB, 0x6F, 0xAF, 0xEA, 0xBD, 0xB5, 0x6A, 0xBA, 0x6F, 0xBE, 0xA8,
    0x4A, 0x04, 0xA4, 0x08, 0x44, 0xA4, 0x00, 0x40, 0xA0, 0x22, 0xAA, 0x53, 0xFF, 0xDF, 0xF7, 0xDF,
    0xFF, 0xFF, 0xFB, 0xDF, 0xFA, 0xFA, 0xDF, 0x6B, 0x6E, 0xDF, 0xEF, 0xBA, 0xD5, 0xFE, 0x90, 0xE9,
    0x08, 0xA2, 0xA9, 0x11, 0x55, 0x12, 0x02, 0x84, 0x00, 0xA4, 0xFF, 0xFF, 0xFF, 0xFF, 0xBB, 0xBD,
    0xDE, 0xFE, 0xBF, 0xEF, 0xB5, 0xD6, 0xD5, 0x76, 0xF9, 0x5F, 0x6F, 0x54, 0x4B, 0x14, 0xA2, 0x04,
    0x12, 0x48, 0x00, 0x40, 0x08, 0x09, 0x55, 0x11, 0xFF, 0xFE, 0xFB, 0xEF, 0xFF, 0xFF, 0xFF, 0xF7,
    0xF6, 0xBA, 0xEE, 0xBD, 0xAF, 0x3F, 0xAE, 0xF6, 0xD2, 0xDF, 0xB4, 0x42, 0x08, 0x90, 0xAC, 0x95,
    0x49, 0x15, 0x20, 0xA0, 0x00, 0x24, 0xFD, 0xFF, 0xFF, 0xFF, 0xFF, 0xEE, 0xEF, 0x7F, 0xDF, 0xEF,
    0xBB, 0xEB, 0x79, 0xEA, 0xF5, 0xAB, 0xB9, 0xB5, 0x6B, 0xA9, 0x42, 0x21, 0x03, 0x20, 0x00, 0x00,
    0x82, 0x0A, 0x55, 0x4A, 0xFF, 0xFF, 0x7E, 0xFD, 0xFB, 0xFF, 0xFD, 0xED, 0x7D, 0x7A, 0xED, 0x56,
    0xCE, 0x9F, 0xDB, 0x7D, 0x6E, 0x0F, 0xDF, 0xF4, 0x10, 0x0A, 0x50, 0x85, 0x55, 0x44, 0x28, 0x80,
    0x00, 0xA4, 0xFF, 0xEF, 0xFF, 0xFF, 0xBF, 0x7B, 0x7F, 0xFF, 0xF7, 0xEF, 0xBA, 0xFD, 0xB5, 0xE7,
    0x76, 0xDB, 0xD5, 0xF0, 0xFA, 0x5D, 0x8A, 0xA0, 0x05, 0x48, 0x00, 0x11, 0x02, 0x12, 0xAA, 0x09,
    0xFF, 0xFF, 0xFF, 0xDF, 0xFF, 0xFF, 0xEF, 0xB7, 0xBF, 0x5A, 0xEF, 0x96, 0xEB, 0x5D, 0xFD, 0xAE,
    0x6A, 0x2E, 0xB7, 0xAB, 0x60, 0x0A, 0xA2, 0x01, 0x54, 0x44, 0x50, 0x40, 0x00, 0xA2, 0xFF, 0xFF,
    0xF7, 0xFF, 0xDF, 0xBF, 0xFD, 0xFE, 0xED, 0xFF, 0xB6, 0xED, 0x9D, 0xD3, 0xB7, 0x7B, 0xBF, 0x51,
    0x5D, 0xFE, 0xD5, 0x41, 0x08, 0x54, 0x01, 0x28, 0x05, 0x2A, 0x22, 0x14, 0xFD, 0xFE, 0xFF, 0xFD,
    0xFD, 0xF7, 0x7F, 0xDF, 0xFF, 0xB6, 0xEB, 0xBB, 0x72, 0x6E, 0xFE, 0x96, 0xE5, 0xAE, 0x2F, 0x67,
    0xA8, 0x14, 0x42, 0x81, 0x54, 0x83, 0x50, 0x00, 0x89, 0x49, 0xFF, 0xFF, 0xFF, 0x7F, 0xFF, 0xFF,
    0xF7, 0x7D, 0xBA, 0xED, 0xBD, 0x6D, 0xAF, 0xB1, 0x55, 0xED, 0xBA, 0x98, 0xDA, 0xBD, 0x79, 0x40,
    0x10, 0x28, 0x02, 0x48, 0x01, 0x54, 0x14, 0xA2, 0xFF, 0xDF, 0xF7, 0xFF, 0xFF, 0xFB, 0xBF, 0xF7,
    0xEF, 0xFF, 0xEB, 0xDB, 0x74, 0xDF, 0xFF, 0xBB, 0x6F, 0x65, 0x37, 0xDB, 0xE4, 0x15, 0x45, 0x02,
    0x94, 0x92, 0x94, 0x01, 0x41, 0x08, 0xFF, 0xFF, 0xFF, 0xEF, 0x7B, 0xDF, 0xFE, 0xFE, 0xFE, 0xAA,
    0xBE, 0xB6, 0xCF, 0x22, 0xB3, 0x6D, 0x55, 0xCA, 0xED, 0x76, 0xBF, 0x00, 0x10, 0xA8, 0x21, 0x29,
    0x00, 0xA8, 0x04, 0x52, 0xFF, 0xFE, 0xFF, 0xFF, 0xFF, 0xFD, 0xF7, 0xDF, 0xFB, 0xFF, 0xEB, 0x6D,
    0xB9, 0xFD, 0x6C, 0xDB, 0xEB, 0x75, 0x1B, 0xBD, 0xD4, 0xA5, 0x44, 0x02, 0x8A, 0x42, 0x22, 0x05,
    0x10, 0x05, 0xFD, 0xFF, 0xFF, 0x7F, 0xBD, 0xFF, 0xFF, 0xF6, 0xAF, 0xB5, 0x5D, 0xDB, 0x66, 0xA3,
    0xFF, 0xB6, 0xB4, 0xA8, 0xEE, 0xEF, 0x7F, 0x10, 0x11, 0x50, 0x40, 0x14, 0x88, 0xA0, 0x45, 0x50,
    0xFF, 0xFF, 0xEF, 0xF7, 0xFF, 0xEE, 0xDD, 0xBF, 0xFD, 0xDF, 0xF7, 0x76, 0xDD, 0x5C, 0x55, 0x5D,
    0x5F, 0xD5, 0x3B, 0xB5, 0xAD, 0xC5, 0x44, 0x02, 0xA9, 0x40, 0x00, 0x09, 0x10, 0x0A, 0xFF, 0xEF,
    0xFF, 0xFF, 0xDE, 0xFF, 0xFF, 0xFB, 0xF7, 0x6D, 0x5A, 0xDB, 0x76, 0xFB, 0xBF, 0xF7, 0xEA, 0xBA,
    0xCE, 0xDF, 0x7B, 0x50, 0x12, 0x94, 0x04, 0x12, 0x25, 0x22, 0x44, 0xA0, 0xFF, 0xFF, 0xF7, 0xFB,
    0xFF, 0xF7, 0xFB, 0xEF, 0x5F, 0xFB, 0xF7, 0xB6, 0xC9, 0x95, 0xED, 0x5A, 0xBD, 0x65, 0x35, 0x6A,
    0xD7, 0xA9, 0x40, 0x00, 0xAA, 0x44, 0x90, 0x90, 0x12, 0x05, 0xFF, 0xFF, 0x7F, 0x7F, 0xF7, 0x7E,
    0xDF, 0x7F, 0xFA, 0xDF, 0x5D, 0x6D, 0xBF, 0x7A, 0xBA, 0xB5, 0x57, 0xB8, 0x4B, 0xB5, 0xFE, 0xFC,
    0x14, 0xA9, 0x00, 0x91, 0x41, 0x2A, 0x80, 0xA8, 0xFD, 0xFF, 0xFF, 0xFE, 0xFF, 0xFF, 0xFF, 0xFA,
    0xEF, 0x76, 0xF6, 0xDB, 0x6A, 0x95, 0xEF, 0xEF, 0xEB, 0x6E, 0x96, 0xEE, 0xAD, 0x52, 0x41, 0x02,
    0x4A, 0x08, 0x2A, 0x40, 0x24, 0x02, 0xFF, 0xEF, 0xFF, 0xBF, 0xFF, 0xEF, 0xFB, 0xDF, 0xBF, 0xDB,
    0xDB, 0xB6, 0xD5, 0xEE, 0xBA, 0xB5, 0x5D, 0xDB, 0x29, 0x5B, 0x7B, 0xEC, 0x88, 0x50, 0x91, 0x25,
    0x44, 0xAA, 0x89, 0x50, 0xFF, 0xFF, 0xF7, 0xFF, 0xDE, 0xFD, 0xBE, 0xFF, 0xFA, 0xFF, 0x76, 0xED,
    0xBA, 0x9D, 0x7F, 0xDE, 0xBA, 0xB6, 0x52, 0xF5, 0xD7, 0x5B, 0x22, 0x04, 0x24, 0x90, 0x91, 0x00,
    0x00, 0x05, 0xFF, 0xFF, 0xFF, 0xEF, 0xFF, 0xFF, 0xEF, 0xF6, 0xDF, 0xB5, 0xDD, 0xB6, 0xD7, 0x72,
    0xAB, 0xAB, 0x47, 0x6D, 0x84, 0x1E, 0xBE, 0xF4, 0x80, 0xA1, 0x0A, 0x49, 0x2A, 0x50, 0x2A, 0x40,
    0xFF, 0xFE, 0xFB, 0xFD, 0xF7, 0xDF, 0xFF, 0x7F, 0xFB, 0xDE, 0xF7, 0xDD, 0x6C, 0xCF, 0x5E, 0xF5,
    0xFA, 0xDB, 0x59, 0xEB, 0xED, 0xAF, 0x2A, 0x14, 0xA1, 0x22, 0x40, 0x0A, 0x80, 0x94, 0xFD, 0xFF,
    0xFF, 0xFF, 0xFF, 0xFB, 0x7D, 0xDB, 0x6F, 0x6B, 0x5D, 0x6B, 0xBB, 0xB9, 0xBB, 0xAE, 0x8D, 0xB6,
    0xE2, 0x1D, 0x57, 0xD8, 0xC0, 0x40, 0x0A, 0x89, 0x09, 0x40, 0x14, 0x01, 0xFF, 0xFF, 0x7F, 0x7F,
    0x7E, 0xFF, 0xEF, 0xFF, 0xFD, 0xFF, 0xF6, 0xB7, 0x55, 0x67, 0x37, 0xFB, 0x73, 0x6D, 0x8C, 0xE7,
    0xFD, 0x77, 0x35, 0x05, 0x50, 0x20, 0x22, 0x14, 0x41, 0x4A, 0xFF, 0xBF, 0xFF, 0xFF, 0xFF, 0xFF,
    0xFF, 0xF6, 0xB7, 0x5A, 0xAB, 0xDC, 0xEE, 0x99, 0xCE, 0xAD, 0xCC, 0xDB, 0x71, 0x1A, 0xB7, 0xAC,
    0xC0, 0x50, 0x02, 0x8A, 0x54, 0x41, 0x08, 0x24, 0xFF, 0xFF, 0xFB, 0xBB, 0xEF, 0xBB, 0x7D, 0xBF,
    0xFF, 0xF7, 0xFE, 0xB7, 0x59, 0xF7, 0x5D, 0xFA, 0xBB, 0x2D, 0xC2, 0x55, 0x6A, 0xFB, 0x2C, 0x01,
    0x54, 0x20, 0x80, 0x90, 0x22, 0x91, 0xFF, 0xEF, 0xFF, 0xFF, 0xFF, 0xFF, 0xEF, 0xFF, 0xED, 0x7D,
    0x6B, 0xED, 0xB7, 0x28, 0xEB, 0x5F, 0x66, 0xF3, 0x3C, 0xAB, 0xDD, 0x6D, 0xD2, 0x94, 0x00, 0x8A,
    0x55, 0x04, 0x54, 0x44, 0xFF, 0xFF, 0x7F, 0xFF, 0x7B, 0xDF, 0xFF, 0xDA, 0xBF, 0xD7, 0xDD, 0x5B,
    0x6C, 0xDF, 0x37, 0xAA, 0xDD, 0x8E, 0xD1, 0x06, 0x37, 0xBA, 0x2C, 0x00, 0x95, 0x24, 0x80, 0x22,
    0x89, 0x21, 0xFD, 0xFF, 0xFF, 0x7F, 0xFF, 0xFD, 0xB6, 0xFF, 0xFA, 0xFD, 0x77, 0xB6, 0xD7, 0xA0,
    0xDD, 0x77, 0xB3, 0x79, 0xBE, 0x79, 0xEB, 0x5F, 0xF2, 0xAA, 0x00, 0x89, 0x29, 0x09, 0x20, 0x88,
    0xFF, 0xFF, 0xF7, 0xF7, 0xFD, 0xFF, 0xFF, 0xEF, 0xEF, 0xAF, 0xDA, 0xED, 0xBC, 0x5F, 0xAB, 0xDD,
    0x6E, 0xD6, 0xE4, 0x87, 0x1D, 0xEA, 0x8D, 0x40, 0xAA, 0x40, 0x00, 0x42, 0x12, 0x01, 0xFF, 0xFF,
    0xFF, 0xFF, 0xDF, 0xEF, 0xFF, 0x7E, 0xBE, 0xFA, 0xF7, 0x5B, 0x63, 0xE8, 0x5D, 0x6A, 0xD9, 0x6D,
    0x9B, 0x5C, 0xF2, 0xBF, 0x72, 0x52, 0x00, 0x12, 0xA2, 0x28, 0x48, 0x52, 0xFF, 0xDE, 0xFF, 0x7B,
    0xFE, 0xFD, 0xDB, 0xFB, 0xFB, 0xEF, 0x5D, 0xF6, 0xDD, 0x17, 0xA7, 0xD7, 0x77, 0xDB, 0x76, 0x23,
    0x8F, 0xD6, 0xCC, 0xA5, 0x52, 0x80, 0x00, 0x82, 0x82, 0x04, 0xFF, 0xFF, 0xFF, 0xFF, 0xEF, 0xFF,
    0xFF, 0xBF, 0xEE, 0xBB, 0xF6, 0xAD, 0xB6, 0xEA, 0x5A, 0xFD, 0xAD, 0x34, 0xD9, 0x4D, 0x74, 0x6D,
    0xB3, 0x54, 0x20, 0x24, 0x94, 0x50, 0x11, 0x50, 0xFF, 0xFF, 0xF7, 0xFD, 0xFF, 0xEE, 0xFD, 0xED,
    0xBF, 0xEE, 0xBB, 0x5B, 0x69, 0x95, 0xB7, 0xB6, 0xD6, 0xEB, 0xB7, 0x2A, 0xCB, 0xBB, 0x6C, 0x29,
    0x4C, 0x91, 0x01, 0x04, 0xA4, 0x01, 0xFD, 0xFF, 0xFF, 0xBF, 0xFF, 0x7F, 0xEF, 0xFF, 0xFA, 0xFB,
    0xED, 0xF6, 0xD6, 0x6B, 0x49, 0xED, 0x7D, 0x9E, 0x4C, 0x85, 0x3E, 0x4E, 0xD1, 0xC6, 0x93, 0x2A,
    0x54, 0x82, 0x00, 0x54, 0xFF, 0xFE, 0xFB, 0xFE, 0xF7, 0xF7, 0x7F, 0xBB, 0x6F, 0xAD, 0x57, 0x5D,
    0xBB, 0xD4, 0xB6, 0xFB, 0xAB, 0x69, 0xFB, 0xEA, 0xE1, 0xB3, 0xAE, 0x19, 0x48, 0x44, 0x82, 0x28,
    0x8A, 0x81, 0xFF, 0xDF, 0xFF, 0xDF, 0xFF, 0xFF, 0xFD, 0xFF, 0xFE, 0xFF, 0xFD, 0xEB, 0x64, 0x2B,
    0x4D, 0x57, 0x55, 0xD7, 0x56, 0x91, 0x1F, 0x6D, 0x71, 0x64, 0xB2, 0xA9, 0x54, 0x84, 0x20, 0x24,
    0xFF, 0xFF, 0xFF, 0xFF, 0x7B, 0xBD, 0xEF, 0xEE, 0xDB, 0xEA, 0xD6, 0xB6, 0xDF, 0xDC, 0xF2, 0xFA,
    0xFE, 0xBC, 0xAB, 0x66, 0x64, 0x92, 0xEE, 0x89, 0x05, 0x04, 0x00, 0x11, 0x02, 0x4A, 0xFF, 0xFF,
    0xBE, 0xF7, 0xFF, 0xFF, 0xFF, 0xBF, 0xFE, 0xBF, 0x7D, 0xDD, 0xB0, 0xA3, 0x0D, 0xAD, 0x95, 0x63,
    0x5C, 0xD0, 0x9B, 0x6F, 0x99, 0x76, 0x68, 0xD2, 0x55, 0x64, 0x25, 0x91, 0xFD, 0xFF, 0xFF, 0xFF,
    0xDF, 0xEF, 0xB6, 0xF5, 0xB7, 0xEB, 0xD7, 0x6B, 0x6F, 0x5C, 0xFB, 0x7F, 0x6A, 0xDD, 0xEB, 0xAD,
    0x25, 0xD0, 0xF6, 0x89, 0x93, 0x2C, 0xA0, 0x89, 0x48, 0x2A, 0xFF, 0xEF, 0xEF, 0xFF, 0xFF, 0x7F,
    0xFF, 0xFF, 0xFE, 0xFE, 0xFD, 0xB6, 0xD8, 0xAB, 0x45, 0xDA, 0xDF, 0xB7, 0x16, 0x70, 0x5A, 0x2F,
    0x3D, 0x72, 0x28, 0xD1, 0x0D, 0x35, 0x15, 0x52, 0xFF, 0xFF, 0xFF, 0xDD, 0xFB, 0xF6, 0xFF, 0xDF,
    0x6B, 0xAB, 0xAA, 0xDD, 0xA7, 0x54, 0xBA, 0xAF, 0xB2, 0x68, 0xF9, 0xAE, 0xA5, 0xD1, 0xCB, 0x8D,
    0xD7, 0x2E, 0x62, 0x42, 0x6A, 0x84, 0xFF, 0xFB, 0xFD, 0xFF, 0xFF, 0xFF, 0xDE, 0xFD, 0xFE, 0xFE,
    0xFF, 0xB6, 0xDC, 0xAB, 0x67, 0xF6, 0xED, 0xAF, 0xA7, 0x51, 0x0A, 0xBE, 0x77, 0x70, 0x28, 0x51,
    0x9D, 0xBC, 0x91, 0x5B, 0xFF, 0xFF, 0xFF, 0xFE, 0xFF, 0xDF, 0xF7, 0xEF, 0xDF, 0xEB, 0x55, 0xED,
    0xB3, 0x54, 0x9D, 0xAD, 0xBB, 0x74, 0x5C, 0xAE, 0x6D, 0x41, 0x9C, 0xCF, 0xD7, 0xAE, 0x62, 0x43,
    0x26, 0x20, 0xFD, 0xFF, 0xBE, 0xEF, 0xDE, 0xFB, 0x7F, 0x7F, 0x7A, 0xBF, 0xFB, 0x5B, 0x4C, 0xBB,
    0xE7, 0x7B, 0x6E, 0xCB, 0xB3, 0x71, 0x12, 0xBE, 0xE7, 0x78, 0x20, 0x11, 0x9D, 0x9C, 0xD8, 0xCB,
    0xFF, 0xFF, 0xFF, 0xFF, 0xFF, 0xFF, 0xFB, 0xF5, 0xEF, 0xEA, 0xAE, 0xB6, 0xF7, 0x44, 0x1B, 0xEE,
    0xDB, 0x7E, 0x6E, 0xCE, 0x45, 0x61, 0x3C, 0xA7, 0xDF, 0xEE, 0x62, 0x63, 0x25, 0x14, 0xFF, 0xBF,
    0xEF, 0xFD, 0xF7, 0xDF, 0xEF, 0xBF, 0xFE, 0xFF, 0xFB, 0xEF, 0x08, 0xBB, 0xF5, 0x55, 0xB6, 0xD5,
    0xD5, 0x35, 0xAA, 0x9E, 0xCB, 0xDC, 0x60, 0x11, 0x9D, 0x8C, 0x4A, 0x69, 0xFF, 0xFF, 0xFF, 0xBF,
    0xFF, 0xFB, 0x7E, 0xFF, 0x5B, 0x56, 0xAE, 0xB8, 0xF7, 0x4C, 0x8F, 0xFB, 0x6D, 0xAA, 0xBB, 0xDA,
    0x11, 0x65, 0x76, 0xB5, 0x9F, 0xEE, 0x62, 0x73, 0xA9, 0x02, 0xFF, 0xFB, 0xFD, 0xFF, 0x7E, 0xFF,
    0xFF, 0xED, 0xFF, 0xFD, 0xFB, 0x57, 0x4A, 0xB3, 0x7B, 0x56, 0xDB, 0x77, 0x65, 0x25, 0xE6, 0x9A,
    0x9D, 0x6B, 0x61, 0x11, 0x9D, 0x84, 0x52, 0x6C, 0xFF, 0xFF, 0xFF, 0xEF, 0xFF, 0xFF, 0xED, 0xFF,
    0xF5, 0xD7, 0x5D, 0xEA, 0xB5, 0x4C, 0xD6, 0xFD, 0xB6, 0xCC, 0xDE, 0xFB, 0x09, 0x65, 0x62, 0xDE,
    0x9E, 0xEE, 0x62, 0x5B, 0x24, 0x91, 0xFD, 0xFD, 0xFF, 0xFF, 0xBF, 0xB6, 0xFF, 0xB6, 0xDF, 0x7F,
    0xF7, 0x5D, 0x5B, 0xB7, 0x2D, 0xAB, 0x6D, 0xBB, 0xB1, 0x84, 0xB2, 0x9B, 0xBF, 0xA9, 0x61, 0x10,
    0x9D, 0xA4, 0xDB, 0x26, 0xFF, 0xFF, 0xEF, 0x7B, 0xFB, 0xFF, 0xFF, 0xFF, 0xFD, 0xEA, 0xAA, 0xF3,
    0xA4, 0x48, 0xDB, 0x56, 0xDB, 0x66, 0x5F, 0x7B, 0xCD, 0x64, 0x4A, 0x56, 0xDA, 0xEF, 0x62, 0x59,
    0x00, 0x48, 0xFF, 0xBF, 0xFF, 0xFF, 0xFF, 0xFF, 0x6D, 0xDD, 0xB7, 0xBF, 0xFF, 0xAC, 0x5B, 0xB7,
    0xB6, 0xFD, 0xB6, 0xDD, 0xF4, 0x96, 0x30, 0x9B, 0xB5, 0xFB, 0x25, 0x10, 0x1D, 0xA6, 0x7A, 0x92,
    0xFF, 0xFF, 0xF7, 0xDD, 0xDD, 0xDB, 0xFF, 0x7F, 0xFE, 0xD5, 0x5A, 0xD7, 0xB5, 0x6C, 0x6D, 0xD6,
    0xDB, 0x72, 0x8B, 0x69, 0xE7, 0x64, 0x6B, 0x44, 0xD9, 0x6D, 0xE2, 0x51, 0x85, 0x24, 0xFF, 0xFD,
    0xFF, 0xFF, 0xFF, 0xFF, 0xFF, 0xF6, 0xEB, 0xFF, 0xF7, 0x78, 0xCA, 0x93, 0x9B, 0x6D, 0x76, 0xAD,
    0xF6, 0xD7, 0x18, 0x9B, 0x96, 0xBB, 0xA6, 0x92, 0x1C, 0xAE, 0x32, 0xD9, 0xFF, 0xFF, 0xFE, 0xFF,
    0xFF, 0xFF, 0x6D, 0xFF, 0xFE, 0xAD, 0x5D, 0xA7, 0x35, 0x6D, 0x66, 0xBB, 0xAD, 0x5B, 0x2D, 0x2A,
    0xEF, 0x64, 0x6D, 0x66, 0x79, 0x6D, 0x63, 0x51, 0x4C, 0x04, 0xFD, 0xFE, 0xF7, 0xF7, 0xBB, 0xBB,
    0xFF, 0xDB, 0x5F, 0xFB, 0xF6, 0xDC, 0xDA, 0xDA, 0xBD, 0xED, 0x5B, 0xF6, 0xD5, 0xD5, 0x90, 0x9B,
    0xB2, 0xD9, 0x86, 0x92, 0x8C, 0x2A, 0x91, 0xB1, 0xFF, 0xDF, 0xFF, 0xBF, 0xFF, 0xFF, 0xFF, 0x7F,
    0xFA, 0xEF, 0x5D, 0x73, 0xA7, 0x25, 0x4B, 0xB7, 0xF5, 0x4A, 0xAB, 0x2A, 0x6F, 0x64, 0x4D, 0xB6,
    0x79, 0x65, 0x73, 0xD5, 0x6A, 0x4C, 0xFF, 0xFF, 0xFF, 0xFD, 0xFF, 0xDE, 0xDD, 0xED, 0xEF, 0xBA,
    0xF7, 0xCC, 0x58, 0xDE, 0xF7, 0x5A, 0xAE, 0xB7, 0x76, 0x57, 0xD4, 0x9B, 0xB6, 0x49, 0xA6, 0x9A,
    0x0C, 0x0A, 0x85, 0x21, 0xFF, 0xFF, 0xFD, 0xFF, 0xDD, 0xFF, 0xFF, 0xFF, 0xBE, 0xFF, 0xDD, 0x7B,
    0xB7, 0xB1, 0x9D, 0xED, 0x55, 0xEC, 0xC9, 0xE8, 0x2B, 0x64, 0x69, 0xF6, 0x59, 0x65, 0xE1, 0xF4,
    0x5A, 0xC8, 0xFF, 0xFF, 0xDF, 0xEF, 0xFF, 0xEF, 0xEF, 0xB7, 0xF7, 0xAA, 0xB7, 0xA6, 0x6C, 0x4E,
    0x6A, 0xD7, 0xFB, 0x33, 0x37, 0x17, 0xD6, 0x9B, 0x96, 0x99, 0xA6, 0x92, 0x1E, 0x09, 0xA4, 0x12,
    0xFF, 0xF7, 0xFE, 0xFD, 0xFE, 0xFD, 0xBD, 0xFE, 0xDD, 0xFF, 0xFA, 0xD9, 0x93, 0xB5, 0xBF, 0x7D,
    0x56, 0xED, 0xDC, 0xEC, 0x29, 0x64, 0x6D, 0x66, 0x59, 0x6D, 0x60, 0xE6, 0x49, 0xA5, 0xFD, 0xFF,
    0xEF, 0xFF, 0xEF, 0xFF, 0xFF, 0xDB, 0xFF, 0x56, 0xAF, 0x77, 0x6E, 0x6B, 0x6A, 0xB3, 0xBD, 0x96,
    0x63, 0x13, 0xD6, 0x9B, 0x92, 0xDD, 0xA6, 0x92, 0x97, 0x19, 0x32, 0x48, 0xFF, 0xFB, 0xFF, 0xBE,
    0xFF, 0xEF, 0xF7, 0x7F, 0x6B, 0xFD, 0xF5, 0xCA, 0xB9, 0x9C, 0xDF, 0xDE, 0xEB, 0x79, 0x9E, 0xEC,
    0x29, 0x64, 0x6D, 0x52, 0x59, 0x65, 0x68, 0xA4, 0xC9, 0x15, 0xFE, 0xFF, 0xFB, 0xF7, 0xF7, 0x7E,
    0xFF, 0xFF, 0xFE, 0xAF, 0x5E, 0xBD, 0x47, 0x63, 0x76, 0xAD, 0x56, 0xD7, 0x71, 0x13, 0xD6, 0x9B,
    0x9B, 0xB5, 0xA6, 0x9A, 0x83, 0x4B, 0x12, 0xA0, 0xFF, 0xFF, 0xFF, 0xFF, 0xFF, 0xF7, 0xDD, 0xEA,
    0xDF, 0xFB, 0xF5, 0xD2, 0xFA, 0xDE, 0xAD, 0xF7, 0xBD, 0xAC, 0xCF, 0xEC, 0x29, 0x64, 0x64, 0x6D,
    0x59, 0x61, 0x3C, 0xB4, 0x65, 0x4D, 0xFF, 0xFF, 0xBE, 0xFF, 0xBF, 0xFF, 0xFF, 0xBF, 0xFA, 0xED,
    0x5F, 0x6F, 0x95, 0x29, 0xFB, 0x5A, 0xEB, 0x77, 0x34, 0x13, 0xD6, 0x9A, 0x9B, 0xB2, 0xA6, 0x1E,
    0xC1, 0x42, 0x9A, 0x12, 0xFF, 0xF7, 0xF7, 0xDB, 0xFD, 0xDE, 0xEF, 0xFF, 0xAF, 0xBF, 0xF5, 0xB4,
    0x6E, 0xD7, 0x6E, 0xEF, 0x56, 0xCA, 0xEB, 0xEC, 0x2D, 0x65, 0x66, 0x4D, 0x59, 0xE0, 0x36, 0x9D,
    0x60, 0xE4, 0xFF, 0xFF, 0xFF, 0xFF, 0xFF, 0xFF, 0xFE, 0xF5, 0xFE, 0xEA, 0xAF, 0x5B, 0xD9, 0x7A,
    0xDB, 0xB5, 0xBD, 0xBD, 0x94, 0x93, 0xD2, 0x9A, 0x99, 0xBA, 0xA6, 0x17, 0xC8, 0x62, 0x8B, 0x12,
    0xFD, 0xFF, 0xFE, 0xFD, 0xDE, 0xFB, 0xB7, 0xBF, 0x7B, 0xBF, 0xFD, 0xF5, 0x27, 0x85, 0x7D, 0x5E,
    0xEB, 0x62, 0x6F, 0x6C, 0x2D, 0x65, 0x66, 0xE5, 0x59, 0x68, 0x13, 0x8C, 0x34, 0xA5, 0xFF, 0xFB,
    0xDF, 0xDF, 0xFF, 0xFF, 0xFF, 0xFF, 0xEF, 0xF5, 0x6B, 0x4A, 0xFC, 0x7B, 0xAB, 0xF5, 0xB6, 0xDF,
    0xD0, 0x93, 0xD2, 0x9A, 0x19, 0x1A, 0xA6, 0x93, 0x6C, 0x33, 0xC9, 0x1A, 0xFE, 0xFF, 0xFB, 0xFF,
    0xEF, 0xDD, 0xFE, 0xED, 0xBA, 0xAF, 0xDE, 0xFF, 0x43, 0xAE, 0x7F, 0x5F, 0x6D, 0xB4, 0xAF, 0x6C,
    0x2D, 0x65, 0xE6, 0xF5, 0x59, 0x6C, 0x91, 0xC8, 0x12, 0xA0, 0xFF, 0xFF, 0xFF, 0xF7, 0x7F, 0xFF,
    0xB7, 0xFF, 0xFF, 0xFB, 0x75, 0xD0, 0xBE, 0x51, 0xD6, 0xF5, 0xDB, 0x6B, 0x58, 0xB3, 0xD2, 0x9A,
    0x19, 0x4A, 0xA2, 0x83, 0x66, 0x17, 0x64, 0x4B, 0xFF, 0xFF, 0xDD, 0xBF, 0xF7, 0x6F, 0xFF, 0xB6,
    0xEE, 0xBE, 0xDF, 0xBF, 0x65, 0xAF, 0x7D, 0xAF, 0x76, 0xAE, 0xE7, 0x4C, 0x2D, 0x65, 0x66, 0xB9,
    0x5D, 0x3C, 0x08, 0xE8, 0x8A, 0xB4, 0xFF, 0xF7, 0xFF, 0xFF, 0xFF, 0xFF, 0xFD, 0xFF, 0xFB, 0xEB,
    0xF5, 0x6A, 0xDA, 0xDA, 0xD7, 0xFA, 0xDD, 0xF9, 0x9A, 0xB3, 0xD2, 0x9A, 0x99, 0x66, 0xA2, 0xC1,
    0xF7, 0x03, 0x71, 0x02, 0xFF, 0xFF, 0xF7, 0xF6, 0xFF, 0xF6, 0xEF, 0xDB, 0x5F, 0xBE, 0xAE, 0xD5,
    0x2D, 0x35, 0xFA, 0xAF, 0xB6, 0xA7, 0x75, 0x6C, 0x2D, 0x65, 0x66, 0x99, 0x2D, 0x2E, 0x00, 0x7C,
    0x86, 0x6C, 0xFD, 0xFD, 0xFE, 0xFF, 0xEF, 0x7F, 0xFE, 0xFF, 0xFA, 0xD7, 0xFB, 0xBB, 0xD2, 0xCF,
    0x5F, 0xFA, 0xED, 0x5C, 0xCA, 0x93, 0xD2, 0x9A, 0x95, 0x6E, 0xD2, 0x50, 0xDE, 0x81, 0x30, 0x91,
    0xFF, 0xFF, 0xFF, 0xBF, 0xFF, 0xFF, 0x77, 0xEF, 0xEF, 0xFD, 0x56, 0xE6, 0x3F, 0xB5, 0xF5, 0x6F,
    0xBB, 0xF3, 0x75, 0x74, 0x2D, 0x65, 0x2A, 0xD1, 0x15, 0xA7, 0x21, 0x36, 0xCB, 0x2A, 0xFE, 0xFE,
    0xEF, 0xFE, 0xF7, 0xBB, 0xFF, 0x7A, 0xBE, 0xB7, 0xFF, 0xB9, 0xE0, 0x6F, 0x5F, 0xBA, 0xED, 0x4E,
    0xDE, 0xCD, 0xD2, 0x9A, 0xD1, 0x2E, 0xEA, 0x18, 0x4C, 0xC9, 0x14, 0x44, 0xFF, 0xFF, 0xFD, 0xF7,
    0xFF, 0xFF, 0xDD, 0xFF, 0xFB, 0xED, 0x55, 0x47, 0x1F, 0x9B, 0xF5, 0xFF, 0xBA, 0xFB, 0x29, 0x32,
    0x2D, 0x45, 0x2E, 0xD9, 0x04, 0xE3, 0xA3, 0x12, 0x61, 0xB1, 0xFF, 0xEF, 0x7F, 0xBF, 0x7D, 0xDE,
    0xFF, 0xEF, 0xDE, 0xFF, 0xFE, 0xBC, 0xF2, 0x76, 0xBF, 0x56, 0xEF, 0x94, 0xD6, 0xEF, 0xD2, 0xBA,
    0xD1, 0x26, 0x7B, 0x0C, 0x5C, 0xAA, 0x96, 0x0A, 0xFF, 0xFF, 0xF7, 0xFF, 0xFF, 0xFF, 0xFB, 0xBB,
    0x77, 0xAA, 0xAB, 0xE3, 0x4D, 0xAF, 0xF5, 0xFD, 0xBA, 0xEF, 0xB9, 0x10, 0x2D, 0x45, 0x26, 0xDD,
    0x84, 0x71, 0x81, 0x55, 0x20, 0xA4, 0xFF, 0xFF, 0xFE, 0xFB, 0xEF, 0xFB, 0xDF, 0xFF, 0xFD, 0xFF,
    0xFD, 0x1E, 0xBB, 0x5D, 0x5F, 0xAF, 0x6D, 0xB9, 0x66, 0xF7, 0xD2, 0x9A, 0x59, 0x22, 0x69, 0x86,
    0x3A, 0x88, 0x8D, 0x51, 0xFD, 0xFF, 0xDF, 0xDF, 0xFE, 0xDF, 0xFE, 0xED, 0xAF, 0x5A, 0xAA, 0xF1,
    0x64, 0xB7, 0xEA, 0xFD, 0xDB, 0x56, 0x9C, 0x4C, 0x2D, 0x65, 0xA6, 0xDD, 0x96, 0x38, 0xC4, 0x53,
    0x52, 0x2A, 0xFF, 0xEE, 0xFF, 0xFF, 0x7F, 0xFF, 0x6F, 0xFF, 0xFB, 0xF7, 0xFF, 0x8F, 0x9F, 0xDD,
    0x7F, 0xD7, 0x76, 0xED, 0xF2, 0xBB, 0xD2, 0x9A, 0x59, 0x22, 0x28, 0xC3, 0x1B, 0xAC, 0x25, 0x44,
    0xFF, 0xFF, 0xED, 0xFF, 0xF7, 0xFB, 0xFD, 0xB7, 0x7E, 0xDD, 0x5A, 0x74, 0x68, 0x2F, 0xD5, 0x7B,
    0xDD, 0x5A, 0x8F, 0x44, 0xAD, 0x44, 0x86, 0xDD, 0xD3, 0x2C, 0xA4, 0x41, 0x48, 0x99, 0xFF, 0xFF,
    0xFF, 0xDB, 0xFF, 0xDF, 0xFF, 0xFF, 0xEB, 0x7F, 0xF5, 0xCB, 0xD7, 0xF5, 0x7F, 0xAE, 0xB7, 0xB7,
    0x74, 0x3B, 0x56, 0xBB, 0x79, 0x22, 0x0C, 0x51, 0x49, 0x9C, 0x95, 0x22, 0xFE, 0xFF, 0xBE, 0xFF,
    0x7D, 0xFF, 0x6F, 0xDB, 0x7F, 0xD5, 0x5E, 0xB5, 0x2D, 0x4F, 0xD5, 0xFB, 0x6D, 0x6A, 0xDB, 0x84,
    0xA9, 0x40, 0x84, 0xDD, 0x72, 0x8A, 0xB6, 0x61, 0x22, 0x48, 0xFF, 0xF7, 0xF7, 0xFF, 0xFF, 0xF7,
    0xFB, 0x7F, 0xEE, 0xFF, 0xF5, 0x6E, 0xF2, 0xBD, 0x7F, 0x6E, 0xDA, 0xDD, 0x25, 0x5B, 0x56, 0xAF,
    0x3B, 0x20, 0x85, 0x55, 0x00, 0x8A, 0x54, 0xA5, 0xFF, 0xFE, 0xFF, 0xEF, 0xBE, 0xFF, 0xFF, 0xED,
    0xBB, 0xAA, 0xAE, 0x91, 0x0D, 0x57, 0xD5, 0xDB, 0xF7, 0xB3, 0xFA, 0x84, 0xE9, 0x50, 0xA4, 0xDF,
    0x3A, 0xAA, 0xFF, 0x34, 0x89, 0x0A, 0xFF, 0xFF, 0xDB, 0x7D, 0xF7, 0xDB, 0x6D, 0xFF, 0xFE, 0xFF,
    0xFB, 0xFF, 0xFB, 0xEB, 0x7F, 0x76, 0xAD, 0x6E, 0x4F, 0x72, 0x16, 0xAA, 0x49, 0x20, 0xC0, 0x00,
    0x00, 0xC9, 0x32, 0x50, 0xFF, 0xFF, 0xFF, 0xFF, 0xFF, 0xFF, 0xFF, 0xB7, 0x6B, 0xAA, 0xAC, 0x02,
    0x24, 0x1E, 0xAA, 0xAD, 0x5A, 0xD9, 0xB0, 0x84, 0xE9, 0x55, 0xB6, 0xDB, 0x1F, 0xFF, 0xDB, 0x12,
    0x84, 0xAA, 0xFF, 0xFF, 0xFF, 0xFF, 0xFF, 0xFF, 0xFF, 0xFF, 0xFF, 0xFF, 0xFB, 0xFD, 0xDB, 0xF7,
    0xFF, 0xFB, 0xF7, 0xB7, 0x6F, 0x71, 0x16, 0xAA, 0x49, 0x24, 0xA0, 0x00, 0x24, 0xA4, 0x29, 0x00,
};